1,4,803.58,226.20,50.00,150.00,1
1,5,433.62,181.03,50.00,150.00,1
1,6,508.67,238.08,50.00,150.00,1
1,7,536.87,146.19,50.00,150.00,1
1,8,468.97,193.14,50.00,150.00,1
1,9,636.28,157.40,50.00,150.00,1
2,4,803.58,226.20,50.00,150.00,1
2,5,433.62,181.03,50.00,150.00,1
2,6,508.67,238.08,50.00,150.00,1
2,7,536.87,146.19,50.00,150.00,1
2,8,468.97,193.14,50.00,150.00,1
2,9,636.28,157.40,50.00,150.00,1
3,4,803.45,226.11,50.00,150.00,1
3,5,433.51,181.08,50.00,150.00,1
3,6,509.07,238.08,50.00,150.00,1
3,7,536.70,146.19,50.00,150.00,1
3,8,469.07,193.07,50.00,150.00,1
3,9,636.28,157.41,50.00,150.00,1
4,4,803.18,225.93,50.00,150.00,1
4,5,433.30,181.17,50.00,150.00,1
4,6,509.87,238.08,50.00,150.00,1
4,7,536.36,146.19,50.00,150.00,1
4,8,469.27,192.94,50.00,150.00,1
4,9,636.29,157.44,50.00,150.00,1
5,4,803.18,225.93,50.00,150.00,1
5,5,433.30,181.17,50.00,150.00,1
5,6,509.87,238.08,50.00,150.00,1
5,7,536.36,146.19,50.00,150.00,1
5,8,469.27,192.94,50.00,150.00,1
5,9,636.29,157.44,50.00,150.00,1
6,4,803.18,225.93,50.00,150.00,1
6,5,433.30,181.17,50.00,150.00,1
6,6,509.87,238.08,50.00,150.00,1
6,7,536.36,146.19,50.00,150.00,1
6,8,469.27,192.94,50.00,150.00,1
6,9,636.29,157.44,50.00,150.00,1
7,4,802.78,225.65,50.00,150.00,1
7,5,432.98,181.32,50.00,150.00,1
7,6,511.07,238.08,50.00,150.00,1
7,7,535.85,146.19,50.00,150.00,1
7,8,469.57,192.74,50.00,150.00,1
7,9,636.31,157.49,50.00,150.00,1
8,4,800.81,224.31,50.00,150.00,1
8,5,431.36,182.07,50.00,150.00,1
8,6,517.06,238.08,50.00,150.00,1
8,7,533.30,146.19,50.00,150.00,1
8,8,471.05,191.77,50.00,150.00,1
8,9,636.39,157.71,50.00,150.00,1
9,4,799.90,223.69,50.00,150.00,1
9,5,430.60,182.42,50.00,150.00,1
9,6,519.86,238.08,50.00,150.00,1
9,7,532.11,146.19,50.00,150.00,1
9,8,471.73,191.32,50.00,150.00,1
9,9,636.43,157.81,50.00,150.00,1
10,4,798.88,222.99,50.00,150.00,1
10,5,429.72,182.83,50.00,150.00,1
10,6,523.06,238.08,50.00,150.00,1
10,7,530.75,146.19,50.00,150.00,1
10,8,472.50,190.82,50.00,150.00,1
10,9,636.47,157.93,50.00,150.00,1
11,4,796.49,221.35,50.00,150.00,1
11,5,427.59,183.81,50.00,150.00,1
11,6,530.65,238.08,50.00,150.00,1
11,7,527.53,146.19,50.00,150.00,1
11,8,474.29,189.64,50.00,150.00,1
11,9,636.57,158.21,50.00,150.00,1
12,4,796.49,221.35,50.00,150.00,1
12,5,427.59,183.81,50.00,150.00,1
12,6,530.65,238.08,50.00,150.00,1
12,7,527.53,146.19,50.00,150.00,1
12,8,474.29,189.64,50.00,150.00,1
12,9,636.57,158.21,50.00,150.00,1
13,4,795.14,220.42,50.00,150.00,1
13,5,426.34,184.39,50.00,150.00,1
13,6,535.04,238.08,50.00,150.00,1
13,7,525.66,146.19,50.00,150.00,1
13,8,475.31,188.97,50.00,150.00,1
13,9,636.63,158.38,50.00,150.00,1
14,4,793.68,219.43,50.00,150.00,1
14,5,424.95,185.03,50.00,150.00,1
14,6,539.84,238.08,50.00,150.00,1
14,7,523.62,146.19,50.00,150.00,1
14,8,476.41,188.25,50.00,150.00,1
14,9,636.69,158.56,50.00,150.00,1
15,4,793.68,219.43,50.00,150.00,1
15,5,424.95,185.03,50.00,150.00,1
15,6,539.84,238.08,50.00,150.00,1
15,7,523.62,146.19,50.00,150.00,1
15,8,476.41,188.25,50.00,150.00,1
15,9,636.69,158.56,50.00,150.00,1
16,4,790.55,217.28,50.00,150.00,1
16,5,421.81,186.48,50.00,150.00,1
16,6,550.44,238.08,50.00,150.00,1
16,7,519.11,146.19,50.00,150.00,1
16,8,478.77,186.70,50.00,150.00,1
16,9,636.83,158.97,50.00,150.00,1
17,4,788.99,216.22,50.00,150.00,1
17,5,420.17,187.24,50.00,150.00,1
17,6,555.85,238.08,50.00,150.00,1
17,7,516.81,146.19,50.00,150.00,1
17,8,481.22,185.97,50.00,150.00,1
17,9,636.91,159.18,50.00,150.00,1
18,4,787.46,215.17,50.00,150.00,1
18,5,418.51,188.01,50.00,150.00,1
18,6,561.26,238.08,50.00,150.00,1
18,7,514.51,146.19,50.00,150.00,1
18,8,484.05,185.21,50.00,150.00,1
18,9,636.98,159.39,50.00,150.00,1
19,4,785.96,214.14,50.00,150.00,1
19,5,416.81,188.80,50.00,150.00,1
19,6,566.67,238.08,50.00,150.00,1
19,7,512.21,146.19,50.00,150.00,1
19,8,485.58,184.46,50.00,150.00,1
19,9,637.06,159.60,50.00,150.00,1
20,4,784.48,213.13,50.00,150.00,1
20,5,415.08,189.60,50.00,150.00,1
20,6,572.08,238.08,50.00,150.00,1
20,7,509.91,146.19,50.00,150.00,1
20,8,486.91,183.73,50.00,150.00,1
20,9,637.13,159.82,50.00,150.00,1
21,4,783.03,212.14,50.00,150.00,1
21,5,413.32,190.41,50.00,150.00,1
21,6,577.49,238.08,50.00,150.00,1
21,7,507.61,146.19,50.00,150.00,1
21,8,488.11,183.01,50.00,150.00,1
21,9,637.21,160.03,50.00,150.00,1
22,4,781.60,211.16,50.00,150.00,1
22,5,411.53,191.24,50.00,150.00,1
22,6,582.90,238.08,50.00,150.00,1
22,7,505.31,146.19,50.00,150.00,1
22,8,489.23,182.30,50.00,150.00,1
22,9,637.29,160.25,50.00,150.00,1
23,4,780.20,210.20,50.00,150.00,1
23,5,409.71,192.08,50.00,150.00,1
23,6,588.31,238.08,50.00,150.00,1
23,7,503.01,146.19,50.00,150.00,1
23,8,490.30,181.60,50.00,150.00,1
23,9,637.36,160.47,50.00,150.00,1
24,4,778.82,209.26,50.00,150.00,1
24,5,407.86,192.94,50.00,150.00,1
24,6,593.72,238.08,50.00,150.00,1
24,7,500.71,146.19,50.00,150.00,1
24,8,491.34,180.91,50.00,150.00,1
24,9,637.44,160.69,50.00,150.00,1
25,4,777.46,208.33,50.00,150.00,1
25,5,405.97,193.81,50.00,150.00,1
25,6,599.14,238.08,50.00,150.00,1
25,7,498.41,146.19,50.00,150.00,1
25,8,492.35,180.24,50.00,150.00,1
25,9,637.52,160.91,50.00,150.00,1
26,4,776.13,207.42,50.00,150.00,1
26,5,404.05,194.70,50.00,150.00,1
26,6,604.55,238.08,50.00,150.00,1
26,7,496.11,146.19,50.00,150.00,1
26,8,493.34,179.57,50.00,150.00,1
26,9,637.60,161.13,50.00,150.00,1
27,4,774.82,206.52,50.00,150.00,1
27,5,402.09,195.60,50.00,150.00,1
27,6,609.96,238.08,50.00,150.00,1
27,7,493.81,146.19,50.00,150.00,1
27,8,494.31,178.92,50.00,150.00,1
27,9,637.68,161.35,50.00,150.00,1
28,4,773.52,205.63,50.00,150.00,1
28,5,400.10,196.53,50.00,150.00,1
28,6,615.37,238.08,50.00,150.00,1
28,7,491.51,146.19,50.00,150.00,1
28,8,495.26,178.27,50.00,150.00,1
28,9,637.76,161.58,50.00,150.00,1
29,4,772.25,204.76,50.00,150.00,1
29,5,398.07,197.47,50.00,150.00,1
29,6,620.78,238.08,50.00,150.00,1
29,7,489.21,146.19,50.00,150.00,1
29,8,496.20,177.64,50.00,150.00,1
29,9,637.84,161.81,50.00,150.00,1
30,4,771.00,203.91,50.00,150.00,1
30,5,396.00,198.42,50.00,150.00,1
30,6,626.19,238.08,50.00,150.00,1
30,7,486.91,146.19,50.00,150.00,1
30,8,497.12,177.02,50.00,150.00,1
30,9,637.92,162.04,50.00,150.00,1
31,4,769.77,203.07,50.00,150.00,1
31,5,393.89,199.40,50.00,150.00,1
31,6,631.60,238.08,50.00,150.00,1
31,7,484.61,146.19,50.00,150.00,1
31,8,498.03,176.40,50.00,150.00,1
31,9,638.00,162.27,50.00,150.00,1
32,4,768.56,202.24,50.00,150.00,1
32,5,391.73,200.40,50.00,150.00,1
32,6,637.01,238.08,50.00,150.00,1
32,7,482.31,146.19,50.00,150.00,1
32,8,498.92,175.80,50.00,150.00,1
32,9,638.08,162.50,50.00,150.00,1
33,4,767.37,201.42,50.00,150.00,1
33,5,389.54,201.41,50.00,150.00,1
33,6,642.42,238.08,50.00,150.00,1
33,7,480.01,146.19,50.00,150.00,1
33,8,499.80,175.20,50.00,150.00,1
33,9,638.16,162.73,50.00,150.00,1
34,1,1230.00,263.24,50.00,150.00,1
34,4,766.19,200.62,50.00,150.00,1
34,5,387.30,202.44,50.00,150.00,1
34,6,647.83,238.08,50.00,150.00,1
34,7,477.71,146.19,50.00,150.00,1
34,8,500.67,174.61,50.00,150.00,1
34,9,638.25,162.97,50.00,150.00,1
35,1,1230.00,261.49,50.00,150.00,1
35,4,765.04,199.82,50.00,150.00,1
35,5,385.02,203.50,50.00,150.00,1
35,6,653.24,238.08,50.00,150.00,1
35,7,475.41,146.19,50.00,150.00,1
35,8,501.52,174.03,50.00,150.00,1
35,9,638.33,163.21,50.00,150.00,1
36,1,1230.00,259.77,50.00,150.00,1
36,4,763.90,199.05,50.00,150.00,1
36,5,382.69,204.58,50.00,150.00,1
36,6,658.65,238.08,50.00,150.00,1
36,7,473.11,146.19,50.00,150.00,1
36,8,502.36,173.46,50.00,150.00,1
36,9,638.41,163.45,50.00,150.00,1
37,1,1229.42,258.08,50.00,150.00,1
37,4,762.78,198.28,50.00,150.00,1
37,5,380.31,205.68,50.00,150.00,1
37,6,664.06,238.08,50.00,150.00,1
37,7,470.81,146.19,50.00,150.00,1
37,8,503.19,172.90,50.00,150.00,1
37,9,638.50,163.69,50.00,150.00,1
38,1,1223.13,256.44,50.00,150.00,1
38,4,761.67,197.52,50.00,150.00,1
38,5,377.89,206.80,50.00,150.00,1
38,6,669.47,238.08,50.00,150.00,1
38,7,468.51,146.19,50.00,150.00,1
38,8,504.01,172.35,50.00,150.00,1
38,9,638.59,163.93,50.00,150.00,1
39,1,1216.96,254.82,50.00,150.00,1
39,4,760.58,196.78,50.00,150.00,1
39,5,375.41,207.94,50.00,150.00,1
39,6,674.88,238.08,50.00,150.00,1
39,7,466.21,146.19,50.00,150.00,1
39,8,504.81,171.80,50.00,150.00,1
39,9,638.67,164.17,50.00,150.00,1
40,1,1210.92,253.24,50.00,150.00,1
40,4,759.51,196.04,50.00,150.00,1
40,5,372.88,209.11,50.00,150.00,1
40,6,680.29,238.08,50.00,150.00,1
40,7,463.91,146.19,50.00,150.00,1
40,8,505.60,171.27,50.00,150.00,1
40,9,638.76,164.42,50.00,150.00,1
41,1,1205.00,251.69,50.00,150.00,1
41,4,758.45,195.32,50.00,150.00,1
41,5,370.30,210.31,50.00,150.00,1
41,6,685.70,238.08,50.00,150.00,1
41,7,461.61,146.19,50.00,150.00,1
41,8,506.38,170.74,50.00,150.00,1
41,9,638.85,164.67,50.00,150.00,1
42,1,1199.19,250.17,50.00,150.00,1
42,4,757.41,194.61,50.00,150.00,1
42,5,367.66,211.53,50.00,150.00,1
42,6,691.12,238.08,50.00,150.00,1
42,7,459.31,146.19,50.00,150.00,1
42,8,507.16,170.22,50.00,150.00,1
42,9,638.93,164.92,50.00,150.00,1
43,1,1193.50,248.68,50.00,150.00,1
43,4,756.38,193.90,50.00,150.00,1
43,5,364.97,212.77,50.00,150.00,1
43,6,696.53,238.08,50.00,150.00,1
43,7,457.01,146.19,50.00,150.00,1
43,8,507.91,169.70,50.00,150.00,1
43,9,639.02,165.17,50.00,150.00,1
44,1,1187.92,247.21,50.00,150.00,1
44,4,755.37,193.21,50.00,150.00,1
44,5,362.21,214.05,50.00,150.00,1
44,6,701.94,238.08,50.00,150.00,1
44,7,454.70,146.19,50.00,150.00,1
44,8,508.66,169.19,50.00,150.00,1
44,9,639.11,165.42,50.00,150.00,1
45,1,1182.44,245.78,50.00,150.00,1
45,2,1230.00,338.78,50.00,150.00,1
45,4,754.38,192.53,50.00,150.00,1
45,5,359.39,215.35,50.00,150.00,1
45,6,707.35,238.08,50.00,150.00,1
45,7,452.40,146.19,50.00,150.00,1
45,8,509.40,168.69,50.00,150.00,1
45,9,639.20,165.68,50.00,150.00,1
46,1,1177.07,244.37,50.00,150.00,1
46,2,1230.00,336.40,50.00,150.00,1
46,4,753.39,191.86,50.00,150.00,1
46,5,356.52,216.68,50.00,150.00,1
46,6,712.76,238.08,50.00,150.00,1
46,7,450.10,146.19,50.00,150.00,1
46,8,510.13,168.20,50.00,150.00,1
46,9,639.29,165.94,50.00,150.00,1
47,1,1171.80,242.99,50.00,150.00,1
47,2,1230.00,333.76,50.00,150.00,1
47,4,752.42,191.19,50.00,150.00,1
47,5,353.57,218.04,50.00,150.00,1
47,6,718.17,238.08,50.00,150.00,1
47,7,447.80,146.19,50.00,150.00,1
47,8,510.85,167.71,50.00,150.00,1
47,9,639.39,166.19,50.00,150.00,1
48,1,1166.63,241.64,50.00,150.00,1
48,2,1230.00,330.89,50.00,150.00,1
48,4,751.47,190.54,50.00,150.00,1
48,5,350.56,219.44,50.00,150.00,1
48,6,723.58,238.08,50.00,150.00,1
48,7,445.50,146.19,50.00,150.00,1
48,8,511.56,167.23,50.00,150.00,1
48,9,639.48,166.46,50.00,150.00,1
49,1,1161.55,240.31,50.00,150.00,1
49,2,1221.94,327.81,50.00,150.00,1
49,4,750.52,189.89,50.00,150.00,1
49,5,347.47,220.86,50.00,150.00,1
49,6,728.99,238.08,50.00,150.00,1
49,7,443.20,146.19,50.00,150.00,1
49,8,512.26,166.76,50.00,150.00,1
49,9,639.57,166.72,50.00,150.00,1
50,1,1161.55,240.31,50.00,150.00,1
50,2,1221.94,327.81,50.00,150.00,1
50,4,750.52,189.89,50.00,150.00,1
50,5,347.47,220.86,50.00,150.00,1
50,6,728.99,238.08,50.00,150.00,1
50,7,443.20,146.19,50.00,150.00,1
50,8,512.26,166.76,50.00,150.00,1
50,9,639.57,166.72,50.00,150.00,1
51,1,1156.56,239.00,50.00,150.00,1
51,2,1213.31,324.53,50.00,150.00,1
51,4,749.59,189.26,50.00,150.00,1
51,5,344.32,222.32,50.00,150.00,1
51,6,734.40,238.08,50.00,150.00,1
51,7,440.90,146.19,50.00,150.00,1
51,8,512.95,166.29,50.00,150.00,1
51,9,639.66,166.98,50.00,150.00,1
52,1,1146.86,236.46,50.00,150.00,1
52,2,1194.88,317.53,50.00,150.00,1
52,4,747.77,188.01,50.00,150.00,1
52,5,337.77,225.35,50.00,150.00,1
52,6,745.22,238.08,50.00,150.00,1
52,7,436.30,146.19,50.00,150.00,1
52,8,514.30,165.38,50.00,150.00,1
52,9,639.85,167.52,50.00,150.00,1
53,1,1146.86,236.46,50.00,150.00,1
53,2,1194.88,317.53,50.00,150.00,1
53,4,747.77,188.01,50.00,150.00,1
53,5,337.77,225.35,50.00,150.00,1
53,6,745.22,238.08,50.00,150.00,1
53,7,436.30,146.19,50.00,150.00,1
53,8,514.30,165.38,50.00,150.00,1
53,9,639.85,167.52,50.00,150.00,1
54,1,1137.50,234.01,50.00,150.00,1
54,2,1178.71,312.39,50.00,150.00,1
54,4,746.00,186.80,50.00,150.00,1
54,5,330.91,228.52,50.00,150.00,1
54,6,756.04,238.08,50.00,150.00,1
54,7,431.70,146.19,50.00,150.00,1
54,8,515.62,164.48,50.00,150.00,1
54,9,640.05,168.07,50.00,150.00,1
55,1,1137.50,234.01,50.00,150.00,1
55,2,1178.71,312.39,50.00,150.00,1
55,4,746.00,186.80,50.00,150.00,1
55,5,330.91,228.52,50.00,150.00,1
55,6,756.04,238.08,50.00,150.00,1
55,7,431.70,146.19,50.00,150.00,1
55,8,515.62,164.48,50.00,150.00,1
55,9,640.05,168.07,50.00,150.00,1
56,1,1128.46,231.64,50.00,150.00,1
56,2,1165.16,308.16,50.00,150.00,1
56,4,744.27,185.61,50.00,150.00,1
56,5,323.69,231.86,50.00,150.00,1
56,6,766.86,238.08,50.00,150.00,1
56,7,427.10,146.19,50.00,150.00,1
56,8,516.90,163.61,50.00,150.00,1
56,9,640.24,168.62,50.00,150.00,1
57,1,1128.46,231.64,50.00,150.00,1
57,2,1165.16,308.16,50.00,150.00,1
57,4,744.27,185.61,50.00,150.00,1
57,5,323.69,231.86,50.00,150.00,1
57,6,766.86,238.08,50.00,150.00,1
57,7,427.10,146.19,50.00,150.00,1
57,8,516.90,163.61,50.00,150.00,1
57,9,640.24,168.62,50.00,150.00,1
58,1,1119.73,229.35,50.00,150.00,1
58,2,1151.22,303.15,50.00,150.00,1
58,4,742.59,184.46,50.00,150.00,1
58,5,316.10,235.37,50.00,150.00,1
58,6,777.68,238.08,50.00,150.00,1
58,7,422.50,146.19,50.00,150.00,1
58,8,518.15,162.77,50.00,150.00,1
58,9,640.44,169.18,50.00,150.00,1
59,1,1119.73,229.35,50.00,150.00,1
59,2,1151.22,303.15,50.00,150.00,1
59,4,742.59,184.46,50.00,150.00,1
59,5,316.10,235.37,50.00,150.00,1
59,6,777.68,238.08,50.00,150.00,1
59,7,422.50,146.19,50.00,150.00,1
59,8,518.15,162.77,50.00,150.00,1
59,9,640.44,169.18,50.00,150.00,1
60,1,1111.29,227.14,50.00,150.00,1
60,2,1136.23,297.51,50.00,150.00,1
60,4,740.95,183.34,50.00,150.00,1
60,5,308.11,239.07,50.00,150.00,1
60,6,788.51,238.08,50.00,150.00,1
60,7,417.90,146.19,50.00,150.00,1
60,8,519.37,161.94,50.00,150.00,1
60,9,640.64,169.75,50.00,150.00,1
61,1,1107.18,226.06,50.00,150.00,1
61,2,1133.96,297.35,50.00,150.00,1
61,4,740.15,182.79,50.00,150.00,1
61,5,303.94,240.99,50.00,150.00,1
61,6,793.92,238.08,50.00,150.00,1
61,7,415.60,146.19,50.00,150.00,1
61,8,519.97,161.54,50.00,150.00,1
61,9,640.74,170.04,50.00,150.00,1
62,1,1107.18,226.06,50.00,150.00,1
62,2,1133.96,297.35,50.00,150.00,1
62,4,740.15,182.79,50.00,150.00,1
62,5,303.94,240.99,50.00,150.00,1
62,6,793.92,238.08,50.00,150.00,1
62,7,415.60,146.19,50.00,150.00,1
62,8,519.97,161.54,50.00,150.00,1
62,9,640.74,170.04,50.00,150.00,1
63,1,1099.15,223.96,50.00,150.00,1
63,2,1129.03,296.21,50.00,150.00,1
63,4,738.57,181.71,50.00,150.00,1
63,5,295.27,245.00,50.00,150.00,1
63,6,804.74,238.08,50.00,150.00,1
63,7,411.00,146.19,50.00,150.00,1
63,8,521.14,160.74,50.00,150.00,1
63,9,640.95,170.63,50.00,150.00,1
64,1,1099.15,223.96,50.00,150.00,1
64,2,1129.03,296.21,50.00,150.00,1
64,4,738.57,181.71,50.00,150.00,1
64,5,295.27,245.00,50.00,150.00,1
64,6,804.74,238.08,50.00,150.00,1
64,7,411.00,146.19,50.00,150.00,1
64,8,521.14,160.74,50.00,150.00,1
64,9,640.95,170.63,50.00,150.00,1
65,1,1091.38,221.93,50.00,150.00,1
65,2,1123.42,294.34,50.00,150.00,1
65,4,737.03,180.66,50.00,150.00,1
65,5,286.11,249.24,50.00,150.00,1
65,6,815.56,238.08,50.00,150.00,1
65,7,406.40,146.19,50.00,150.00,1
65,8,522.28,159.97,50.00,150.00,1
65,9,641.16,171.22,50.00,150.00,1
66,1,1087.59,220.93,50.00,150.00,1
66,2,1120.07,293.12,50.00,150.00,1
66,4,736.28,180.15,50.00,150.00,1
66,5,281.32,251.45,50.00,150.00,1
66,6,820.97,238.08,50.00,150.00,1
66,7,404.10,146.19,50.00,150.00,1
66,8,522.85,159.59,50.00,150.00,1
66,9,641.27,171.52,50.00,150.00,1
67,1,1087.59,220.93,50.00,150.00,1
67,2,1120.07,293.12,50.00,150.00,1
67,4,736.28,180.15,50.00,150.00,1
67,5,281.32,251.45,50.00,150.00,1
67,6,820.97,238.08,50.00,150.00,1
67,7,404.10,146.19,50.00,150.00,1
67,8,522.85,159.59,50.00,150.00,1
67,9,641.27,171.52,50.00,150.00,1
68,1,1080.18,218.99,50.00,150.00,1
68,2,1112.14,290.11,50.00,150.00,1
68,4,734.80,179.13,50.00,150.00,1
68,5,271.33,256.07,50.00,150.00,1
68,6,831.79,238.08,50.00,150.00,1
68,7,399.50,146.19,50.00,150.00,1
68,8,523.95,158.84,50.00,150.00,1
68,9,641.48,172.13,50.00,150.00,1
69,1,1080.18,218.99,50.00,150.00,1
69,2,1112.14,290.11,50.00,150.00,1
69,4,734.80,179.13,50.00,150.00,1
69,5,271.33,256.07,50.00,150.00,1
69,6,831.79,238.08,50.00,150.00,1
69,7,399.50,146.19,50.00,150.00,1
69,8,523.95,158.84,50.00,150.00,1
69,9,641.48,172.13,50.00,150.00,1
70,1,1073.01,217.11,50.00,150.00,1
70,2,1102.60,286.42,50.00,150.00,1
70,4,733.35,178.14,50.00,150.00,1
70,5,260.71,260.98,50.00,150.00,1
70,6,842.61,238.08,50.00,150.00,1
70,7,394.90,146.19,50.00,150.00,1
70,8,525.03,158.11,50.00,150.00,1
70,9,641.70,172.75,50.00,150.00,1
71,1,1073.01,217.11,50.00,150.00,1
71,2,1102.60,286.42,50.00,150.00,1
71,4,733.35,178.14,50.00,150.00,1
71,5,260.71,260.98,50.00,150.00,1
71,6,842.61,238.08,50.00,150.00,1
71,7,394.90,146.19,50.00,150.00,1
71,8,525.03,158.11,50.00,150.00,1
71,9,641.70,172.75,50.00,150.00,1
72,1,1066.05,215.29,50.00,150.00,1
72,2,1091.57,282.15,50.00,150.00,1
72,4,731.94,177.18,50.00,150.00,1
72,5,249.42,266.20,50.00,150.00,1
72,6,853.43,238.08,50.00,150.00,1
72,7,390.30,146.19,50.00,150.00,1
72,8,526.08,157.39,50.00,150.00,1
72,9,641.92,173.38,50.00,150.00,1
73,1,1062.65,214.40,50.00,150.00,1
73,2,1085.56,279.82,50.00,150.00,1
73,4,731.25,176.70,50.00,150.00,1
73,5,243.50,268.94,50.00,150.00,1
73,6,858.84,238.08,50.00,150.00,1
73,7,388.00,146.19,50.00,150.00,1
73,8,526.60,157.04,50.00,150.00,1
73,9,642.04,173.70,50.00,150.00,1
74,1,1062.65,214.40,50.00,150.00,1
74,2,1085.56,279.82,50.00,150.00,1
74,4,731.25,176.70,50.00,150.00,1
74,5,243.50,268.94,50.00,150.00,1
74,6,858.84,238.08,50.00,150.00,1
74,7,388.00,146.19,50.00,150.00,1
74,8,526.60,157.04,50.00,150.00,1
74,9,642.04,173.70,50.00,150.00,1
75,1,1056.00,212.66,50.00,150.00,1
75,2,1073.50,275.14,50.00,150.00,1
75,4,729.89,175.77,50.00,150.00,1
75,5,231.07,274.69,50.00,150.00,1
75,6,869.66,238.08,50.00,150.00,1
75,7,383.39,146.19,50.00,150.00,1
75,8,527.61,156.36,50.00,150.00,1
75,9,642.26,174.34,50.00,150.00,1
76,1,1056.00,212.66,50.00,150.00,1
76,2,1073.50,275.14,50.00,150.00,1
76,4,729.89,175.77,50.00,150.00,1
76,5,231.07,274.69,50.00,150.00,1
76,6,869.66,238.08,50.00,150.00,1
76,7,383.39,146.19,50.00,150.00,1
76,8,527.61,156.36,50.00,150.00,1
76,9,642.26,174.34,50.00,150.00,1
77,1,1049.55,210.61,50.00,150.00,1
77,2,1062.04,270.69,50.00,150.00,1
77,4,728.56,174.86,50.00,150.00,1
77,5,217.77,280.84,50.00,150.00,1
77,6,880.48,238.07,50.00,150.00,1
77,7,378.79,146.19,50.00,150.00,1
77,8,528.61,155.68,50.00,150.00,1
77,9,642.50,175.00,50.00,150.00,1
78,1,1046.37,209.97,50.00,150.00,1
78,2,1056.53,268.55,50.00,150.00,1
78,4,727.90,174.41,50.00,150.00,1
78,5,210.77,284.08,50.00,150.00,1
78,6,885.89,238.08,50.00,150.00,1
78,7,376.49,146.19,50.00,150.00,1
78,8,529.10,155.35,50.00,150.00,1
78,9,642.61,175.33,50.00,150.00,1
79,1,1043.25,209.10,50.00,150.00,1
79,2,1051.59,266.87,50.00,150.00,1
79,4,727.26,173.97,50.00,150.00,1
79,5,203.52,287.43,50.00,150.00,1
79,6,891.30,238.07,50.00,150.00,1
79,7,374.19,146.19,50.00,150.00,1
79,8,529.58,155.02,50.00,150.00,1
79,9,642.73,175.67,50.00,150.00,1
80,1,1043.25,209.10,50.00,150.00,1
80,2,1051.59,266.87,50.00,150.00,1
80,4,727.26,173.97,50.00,150.00,1
80,5,203.52,287.43,50.00,150.00,1
80,6,891.30,238.07,50.00,150.00,1
80,7,374.19,146.19,50.00,150.00,1
80,8,529.58,155.02,50.00,150.00,1
80,9,642.73,175.67,50.00,150.00,1
81,1,1037.17,207.49,50.00,150.00,1
81,2,1042.49,264.02,50.00,150.00,1
81,4,725.99,173.10,50.00,150.00,1
81,5,188.21,294.51,50.00,150.00,1
81,6,902.12,238.07,50.00,150.00,1
81,7,369.59,146.19,50.00,150.00,1
81,8,530.53,154.38,50.00,150.00,1
81,9,642.97,176.35,50.00,150.00,1
82,1,1037.17,207.49,50.00,150.00,1
82,2,1042.49,264.02,50.00,150.00,1
82,4,725.99,173.10,50.00,150.00,1
82,5,188.21,294.51,50.00,150.00,1
82,6,902.12,238.07,50.00,150.00,1
82,7,369.59,146.19,50.00,150.00,1
82,8,530.53,154.38,50.00,150.00,1
82,9,642.97,176.35,50.00,150.00,1
83,1,1031.26,205.95,50.00,150.00,1
83,2,1035.98,263.18,50.00,150.00,1
83,4,724.74,172.25,50.00,150.00,1
83,5,171.72,302.13,50.00,150.00,1
83,6,912.95,238.07,50.00,150.00,1
83,7,364.99,146.19,50.00,150.00,1
83,8,531.46,153.75,50.00,150.00,1
83,9,643.21,177.04,50.00,150.00,1
84,1,1028.37,205.19,50.00,150.00,1
84,2,1033.05,262.50,50.00,150.00,1
84,4,724.13,171.83,50.00,150.00,1
84,5,162.98,306.17,50.00,150.00,1
84,6,918.36,238.07,50.00,150.00,1
84,7,362.69,146.19,50.00,150.00,1
84,8,531.91,153.44,50.00,150.00,1
84,9,643.34,177.39,50.00,150.00,1
85,1,1025.51,204.45,50.00,150.00,1
85,2,1030.14,261.85,50.00,150.00,1
85,4,723.53,171.42,50.00,150.00,1
85,5,153.90,310.38,50.00,150.00,1
85,6,923.77,238.07,50.00,150.00,1
85,7,360.39,146.19,50.00,150.00,1
85,8,532.36,153.14,50.00,150.00,1
85,9,643.46,177.74,50.00,150.00,1
86,1,1022.70,203.71,50.00,150.00,1
86,2,1027.30,261.09,50.00,150.00,1
86,4,722.93,171.01,50.00,150.00,1
86,5,144.44,314.75,50.00,150.00,1
86,6,929.18,238.07,50.00,150.00,1
86,7,358.09,146.19,50.00,150.00,1
86,8,532.81,152.83,50.00,150.00,1
86,9,643.59,178.10,50.00,150.00,1
87,1,1019.93,202.99,50.00,150.00,1
87,2,1024.47,260.18,50.00,150.00,1
87,4,722.34,170.61,50.00,150.00,1
87,5,134.59,319.31,50.00,150.00,1
87,6,934.59,238.07,50.00,150.00,1
87,7,355.79,146.19,50.00,150.00,1
87,8,533.25,152.54,50.00,150.00,1
87,9,643.72,178.46,50.00,150.00,1
88,1,1017.19,202.27,50.00,150.00,1
88,2,1021.53,259.14,50.00,150.00,1
88,4,721.76,170.21,50.00,150.00,1
88,5,124.31,324.06,50.00,150.00,1
88,6,940.00,238.07,50.00,150.00,1
88,7,353.49,146.19,50.00,150.00,1
88,8,533.69,152.24,50.00,150.00,1
88,9,643.84,178.82,50.00,150.00,1
89,1,1014.49,201.57,50.00,150.00,1
89,2,1018.40,257.97,50.00,150.00,1
89,4,721.18,169.81,50.00,150.00,1
89,5,113.59,329.02,50.00,150.00,1
89,6,945.41,238.07,50.00,150.00,1
89,7,351.19,146.19,50.00,150.00,1
89,8,534.12,151.95,50.00,150.00,1
89,9,643.97,179.18,50.00,150.00,1
90,1,1011.82,200.87,50.00,150.00,1
90,2,1015.05,256.69,50.00,150.00,1
90,4,720.61,169.42,50.00,150.00,1
90,5,102.38,334.20,50.00,150.00,1
90,6,950.82,238.07,50.00,150.00,1
90,7,348.89,146.19,50.00,150.00,1
90,8,534.55,151.66,50.00,150.00,1
90,9,644.10,179.55,50.00,150.00,1
91,1,1011.82,200.87,50.00,150.00,1
91,2,1015.05,256.69,50.00,150.00,1
91,4,720.61,169.42,50.00,150.00,1
91,5,102.38,334.20,50.00,150.00,1
91,6,950.82,238.07,50.00,150.00,1
91,7,348.89,146.19,50.00,150.00,1
91,8,534.55,151.66,50.00,150.00,1
91,9,644.10,179.55,50.00,150.00,1
92,1,1006.60,199.50,50.00,150.00,1
92,2,1007.66,253.78,50.00,150.00,1
92,4,719.48,168.65,50.00,150.00,1
92,5,78.40,345.29,50.00,150.00,1
92,6,961.64,238.07,50.00,150.00,1
92,7,344.29,146.19,50.00,150.00,1
92,8,535.39,151.08,50.00,150.00,1
92,9,644.37,180.30,50.00,150.00,1
93,1,1004.03,198.83,50.00,150.00,1
93,2,1003.61,252.18,50.00,150.00,1
93,4,718.93,168.27,50.00,150.00,1
93,5,65.55,351.23,50.00,150.00,1
93,6,967.05,238.07,50.00,150.00,1
93,7,341.99,146.19,50.00,150.00,1
93,8,535.81,150.80,50.00,150.00,1
93,9,644.50,180.68,50.00,150.00,1
94,1,1001.51,198.17,50.00,150.00,1
94,2,999.34,250.48,50.00,150.00,1
94,4,718.38,167.90,50.00,150.00,1
94,5,52.07,357.46,50.00,150.00,1
94,6,972.46,238.07,50.00,150.00,1
94,7,339.69,146.19,50.00,150.00,1
94,8,536.22,150.53,50.00,150.00,1
94,9,644.64,181.06,50.00,150.00,1
95,1,999.01,197.52,50.00,150.00,1
95,2,995.14,248.80,50.00,150.00,1
95,4,717.84,167.53,50.00,150.00,1
95,5,37.91,364.01,50.00,150.00,1
95,6,977.87,238.07,50.00,150.00,1
95,7,337.39,146.19,50.00,150.00,1
95,8,536.63,150.25,50.00,150.00,1
95,9,644.77,181.45,50.00,150.00,1
96,1,996.55,196.88,50.00,150.00,1
96,2,991.03,247.17,50.00,150.00,1
96,4,717.30,167.16,50.00,150.00,1
96,5,23.02,370.90,50.00,150.00,1
96,6,983.28,238.07,50.00,150.00,1
96,7,335.09,146.19,50.00,150.00,1
96,8,537.03,149.98,50.00,150.00,1
96,9,644.91,181.84,50.00,150.00,1
97,1,994.12,196.24,50.00,150.00,1
97,2,987.01,245.57,50.00,150.00,1
97,4,716.77,166.80,50.00,150.00,1
97,5,7.34,378.15,50.00,150.00,1
97,6,988.69,238.07,50.00,150.00,1
97,7,332.79,146.19,50.00,150.00,1
97,8,537.43,149.71,50.00,150.00,1
97,9,645.05,182.23,50.00,150.00,1
98,1,991.72,195.61,50.00,150.00,1
98,2,983.08,244.00,50.00,150.00,1
98,4,716.25,166.44,50.00,150.00,1
98,5,0.00,385.79,50.00,150.00,1
98,6,994.10,238.07,50.00,150.00,1
98,7,330.49,146.19,50.00,150.00,1
98,8,537.82,149.44,50.00,150.00,1
98,9,645.19,182.63,50.00,150.00,1
99,1,989.34,194.99,50.00,150.00,1
99,2,979.00,242.84,50.00,150.00,1
99,4,715.73,166.08,50.00,150.00,1
99,6,999.51,238.07,50.00,150.00,1
99,7,328.19,146.19,50.00,150.00,1
99,8,538.21,149.18,50.00,150.00,1
99,9,645.33,183.03,50.00,150.00,1
100,1,989.34,194.99,50.00,150.00,1
100,2,979.00,242.84,50.00,150.00,1
100,4,715.73,166.08,50.00,150.00,1
100,6,999.51,238.07,50.00,150.00,1
100,7,328.19,146.19,50.00,150.00,1
100,8,538.21,149.18,50.00,150.00,1
100,9,645.33,183.03,50.00,150.00,1
101,1,984.69,193.78,50.00,150.00,1
101,2,971.13,240.54,50.00,150.00,1
101,4,714.70,165.38,50.00,150.00,1
101,6,1010.33,238.07,50.00,150.00,1
101,7,323.59,146.19,50.00,150.00,1
101,8,538.98,148.66,50.00,150.00,1
101,9,645.62,183.84,50.00,150.00,1
102,1,982.41,193.18,50.00,150.00,1
102,2,967.26,239.41,50.00,150.00,1
102,4,714.20,165.04,50.00,150.00,1
102,6,1015.74,238.07,50.00,150.00,1
102,7,321.29,146.19,50.00,150.00,1
102,8,539.36,148.40,50.00,150.00,1
102,9,645.76,184.26,50.00,150.00,1
103,1,980.15,192.59,50.00,150.00,1
103,2,962.85,238.44,50.00,150.00,1
103,4,713.70,164.69,50.00,150.00,1
103,6,1021.15,238.07,50.00,150.00,1
103,7,318.99,146.19,50.00,150.00,1
103,8,539.73,148.15,50.00,150.00,1
103,9,645.91,184.67,50.00,150.00,1
104,1,977.92,192.01,50.00,150.00,1
104,2,958.22,237.51,50.00,150.00,1
104,4,713.21,164.36,50.00,150.00,1
104,6,1026.56,238.07,50.00,150.00,1
104,7,316.68,146.19,50.00,150.00,1
104,8,540.10,147.90,50.00,150.00,1
104,9,646.06,185.09,50.00,150.00,1
105,1,975.72,191.43,50.00,150.00,1
105,2,954.10,236.45,50.00,150.00,1
105,4,712.72,164.02,50.00,150.00,1
105,6,1031.97,238.07,50.00,150.00,1
105,7,314.38,146.19,50.00,150.00,1
105,8,540.47,147.65,50.00,150.00,1
105,9,646.21,185.52,50.00,150.00,1
106,1,973.55,190.87,50.00,150.00,1
106,2,949.90,235.33,50.00,150.00,1
106,4,712.23,163.69,50.00,150.00,1
106,6,1037.38,238.07,50.00,150.00,1
106,7,312.08,146.19,50.00,150.00,1
106,8,540.83,147.40,50.00,150.00,1
106,9,646.36,185.94,50.00,150.00,1
107,1,971.40,190.30,50.00,150.00,1
107,2,946.07,234.12,50.00,150.00,1
107,4,711.75,163.36,50.00,150.00,1
107,6,1042.79,238.07,50.00,150.00,1
107,7,309.78,146.19,50.00,150.00,1
107,8,541.19,147.16,50.00,150.00,1
107,9,646.51,186.38,50.00,150.00,1
108,1,971.40,190.30,50.00,150.00,1
108,2,946.07,234.12,50.00,150.00,1
108,4,711.75,163.36,50.00,150.00,1
108,6,1042.79,238.07,50.00,150.00,1
108,7,309.78,146.19,50.00,150.00,1
108,8,541.19,147.16,50.00,150.00,1
108,9,646.51,186.38,50.00,150.00,1
109,1,967.93,189.10,50.00,150.00,1
109,2,937.71,231.57,50.00,150.00,1
109,4,710.81,162.71,50.00,150.00,1
109,6,1053.61,238.07,50.00,150.00,1
109,7,305.18,146.19,50.00,150.00,1
109,8,541.90,146.68,50.00,150.00,1
109,9,646.82,187.26,50.00,150.00,1
110,1,967.93,189.10,50.00,150.00,1
110,2,937.71,231.57,50.00,150.00,1
110,4,710.81,162.71,50.00,150.00,1
110,6,1053.61,238.07,50.00,150.00,1
110,7,305.18,146.19,50.00,150.00,1
110,8,541.90,146.68,50.00,150.00,1
110,9,646.82,187.26,50.00,150.00,1
111,1,965.40,187.79,50.00,150.00,1
111,2,930.90,229.02,50.00,150.00,1
111,4,709.88,162.08,50.00,150.00,1
111,6,1064.44,238.07,50.00,150.00,1
111,7,300.58,146.19,50.00,150.00,1
111,8,542.60,146.20,50.00,150.00,1
111,9,647.14,188.15,50.00,150.00,1
112,1,964.15,187.18,50.00,150.00,1
112,2,927.80,227.78,50.00,150.00,1
112,4,709.42,161.77,50.00,150.00,1
112,6,1069.85,238.07,50.00,150.00,1
112,7,298.28,146.19,50.00,150.00,1
112,8,542.94,145.97,50.00,150.00,1
112,9,647.30,188.61,50.00,150.00,1
113,1,962.14,186.66,50.00,150.00,1
113,2,923.92,226.95,50.00,150.00,1
113,4,708.97,161.46,50.00,150.00,1
113,6,1075.26,238.07,50.00,150.00,1
113,7,295.98,146.19,50.00,150.00,1
113,8,543.28,145.74,50.00,150.00,1
113,9,647.46,189.06,50.00,150.00,1
114,1,960.16,186.15,50.00,150.00,1
114,2,920.12,226.20,50.00,150.00,1
114,4,708.52,161.15,50.00,150.00,1
114,6,1080.67,238.07,50.00,150.00,1
114,7,293.27,141.48,50.00,150.00,1
114,8,543.62,145.51,50.00,150.00,1
114,9,647.63,189.53,50.00,150.00,1
115,1,958.19,185.64,50.00,150.00,1
115,2,915.93,225.66,50.00,150.00,1
115,4,708.08,160.85,50.00,150.00,1
115,6,1086.08,238.07,50.00,150.00,1
115,7,290.80,139.53,50.00,150.00,1
115,8,543.95,145.29,50.00,150.00,1
115,9,647.79,190.00,50.00,150.00,1
116,1,956.25,185.14,50.00,150.00,1
116,2,912.47,224.87,50.00,150.00,1
116,4,707.64,160.55,50.00,150.00,1
116,6,1091.49,238.07,50.00,150.00,1
116,7,288.40,138.50,50.00,150.00,1
116,8,544.28,145.06,50.00,150.00,1
116,9,647.96,190.47,50.00,150.00,1
117,1,954.33,184.64,50.00,150.00,1
117,2,909.44,223.98,50.00,150.00,1
117,4,707.21,160.25,50.00,150.00,1
117,6,1096.90,238.07,50.00,150.00,1
117,7,286.06,138.08,50.00,150.00,1
117,8,544.61,144.84,50.00,150.00,1
117,9,648.13,190.95,50.00,150.00,1
118,1,952.43,184.15,50.00,150.00,1
118,2,906.62,223.01,50.00,150.00,1
118,4,706.77,159.95,50.00,150.00,1
118,6,1102.31,238.07,50.00,150.00,1
118,7,283.75,138.08,50.00,150.00,1
118,8,544.93,144.62,50.00,150.00,1
118,9,648.30,191.43,50.00,150.00,1
119,1,950.55,183.67,50.00,150.00,1
119,2,903.87,221.97,50.00,150.00,1
119,4,706.35,159.66,50.00,150.00,1
119,6,1107.72,238.07,50.00,150.00,1
119,7,281.45,138.08,50.00,150.00,1
119,8,545.26,144.40,50.00,150.00,1
119,9,648.47,191.92,50.00,150.00,1
120,1,948.70,183.19,50.00,150.00,1
120,2,901.11,220.86,50.00,150.00,1
120,4,705.92,159.37,50.00,150.00,1
120,6,1113.13,238.07,50.00,150.00,1
120,7,279.14,138.08,50.00,150.00,1
120,8,545.57,144.19,50.00,150.00,1
120,9,648.64,192.41,50.00,150.00,1
121,1,946.86,182.72,50.00,150.00,1
121,2,898.47,219.77,50.00,150.00,1
121,4,705.50,159.08,50.00,150.00,1
121,6,1118.54,238.07,50.00,150.00,1
121,7,276.84,138.08,50.00,150.00,1
121,8,545.89,143.97,50.00,150.00,1
121,9,648.82,192.91,50.00,150.00,1
122,1,945.04,182.25,50.00,150.00,1
122,2,895.93,218.70,50.00,150.00,1
122,4,705.09,158.80,50.00,150.00,1
122,6,1123.95,238.07,50.00,150.00,1
122,7,274.53,138.08,50.00,150.00,1
122,8,546.20,143.76,50.00,150.00,1
122,9,649.00,193.41,50.00,150.00,1
123,1,943.25,181.79,50.00,150.00,1
123,2,893.47,217.64,50.00,150.00,1
123,4,704.68,158.52,50.00,150.00,1
123,6,1129.36,238.07,50.00,150.00,1
123,7,272.23,138.08,50.00,150.00,1
123,8,546.51,143.55,50.00,150.00,1
123,9,649.18,193.92,50.00,150.00,1
124,1,941.47,181.33,50.00,150.00,1
124,2,891.06,216.61,50.00,150.00,1
124,4,704.27,158.24,50.00,150.00,1
124,6,1134.77,238.07,50.00,150.00,1
124,7,269.92,138.08,50.00,150.00,1
124,8,546.82,143.34,50.00,150.00,1
124,9,649.36,194.44,50.00,150.00,1
125,1,939.71,180.87,50.00,150.00,1
125,2,888.69,215.59,50.00,150.00,1
125,4,703.86,157.96,50.00,150.00,1
125,6,1140.18,238.07,50.00,150.00,1
125,7,267.62,138.08,50.00,150.00,1
125,8,547.12,143.14,50.00,150.00,1
125,9,649.54,194.95,50.00,150.00,1
126,1,937.97,180.43,50.00,150.00,1
126,2,886.38,214.59,50.00,150.00,1
126,4,703.46,157.69,50.00,150.00,1
126,6,1145.59,238.07,50.00,150.00,1
126,7,265.31,138.08,50.00,150.00,1
126,8,547.43,142.93,50.00,150.00,1
126,9,649.73,195.48,50.00,150.00,1
127,1,936.25,179.98,50.00,150.00,1
127,2,884.10,213.61,50.00,150.00,1
127,4,703.07,157.42,50.00,150.00,1
127,6,1151.00,238.07,50.00,150.00,1
127,7,263.00,138.08,50.00,150.00,1
127,8,547.72,142.73,50.00,150.00,1
127,9,649.91,196.01,50.00,150.00,1
128,1,934.55,179.54,50.00,150.00,1
128,2,881.87,212.64,50.00,150.00,1
128,4,702.67,157.15,50.00,150.00,1
128,6,1153.14,238.07,50.00,150.00,1
128,7,260.70,138.08,50.00,150.00,1
128,8,548.02,142.53,50.00,150.00,1
128,9,650.10,196.55,50.00,150.00,1
129,1,932.86,179.11,50.00,150.00,1
129,2,879.67,211.69,50.00,150.00,1
129,4,702.28,156.88,50.00,150.00,1
129,6,1153.24,238.07,50.00,150.00,1
129,7,258.39,138.08,50.00,150.00,1
129,8,548.32,142.33,50.00,150.00,1
129,9,650.30,197.09,50.00,150.00,1
130,1,931.20,178.68,50.00,150.00,1
130,2,877.51,210.76,50.00,150.00,1
130,4,701.90,156.62,50.00,150.00,1
130,6,1153.32,238.07,50.00,150.00,1
130,7,256.09,138.08,50.00,150.00,1
130,8,548.61,142.13,50.00,150.00,1
130,9,650.49,197.64,50.00,150.00,1
131,1,929.55,178.25,50.00,150.00,1
131,2,874.99,209.87,50.00,150.00,1
131,4,701.51,156.35,50.00,150.00,1
131,6,1153.32,238.07,50.00,150.00,1
131,7,253.78,138.08,50.00,150.00,1
131,8,548.90,141.94,50.00,150.00,1
131,9,650.69,198.19,50.00,150.00,1
132,1,927.91,177.83,50.00,150.00,1
132,2,872.67,208.97,50.00,150.00,1
132,4,701.13,156.09,50.00,150.00,1
132,6,1153.32,238.06,50.00,150.00,1
132,7,251.48,138.08,50.00,150.00,1
132,8,549.18,141.74,50.00,150.00,1
132,9,650.88,198.75,50.00,150.00,1
133,1,926.30,177.42,50.00,150.00,1
133,2,870.48,208.07,50.00,150.00,1
133,4,700.76,155.84,50.00,150.00,1
133,6,1153.31,238.06,50.00,150.00,1
133,7,249.17,138.08,50.00,150.00,1
133,8,549.47,141.55,50.00,150.00,1
133,9,651.08,199.32,50.00,150.00,1
134,1,924.70,177.00,50.00,150.00,1
134,2,868.39,207.20,50.00,150.00,1
134,4,700.38,155.58,50.00,150.00,1
134,6,1153.31,238.06,50.00,150.00,1
134,7,246.87,138.08,50.00,150.00,1
134,8,549.75,141.36,50.00,150.00,1
134,9,651.29,199.89,50.00,150.00,1
135,1,923.12,176.60,50.00,150.00,1
135,2,866.36,206.33,50.00,150.00,1
135,4,700.01,155.33,50.00,150.00,1
135,6,1153.31,238.06,50.00,150.00,1
135,7,244.56,138.08,50.00,150.00,1
135,8,550.03,141.17,50.00,150.00,1
135,9,651.49,200.47,50.00,150.00,1
136,1,921.55,176.19,50.00,150.00,1
136,2,864.38,205.48,50.00,150.00,1
136,4,699.65,155.08,50.00,150.00,1
136,6,1153.31,238.06,50.00,150.00,1
136,7,242.26,138.08,50.00,150.00,1
136,8,550.30,140.98,50.00,150.00,1
136,9,651.70,201.06,50.00,150.00,1
137,1,920.00,175.79,50.00,150.00,1
137,2,862.44,204.65,50.00,150.00,1
137,4,699.28,154.83,50.00,150.00,1
137,6,1153.31,238.06,50.00,150.00,1
137,7,239.95,138.08,50.00,150.00,1
137,8,550.58,140.80,50.00,150.00,1
137,9,651.91,201.65,50.00,150.00,1
138,1,918.47,175.40,50.00,150.00,1
138,2,860.54,203.82,50.00,150.00,1
138,4,698.92,154.58,50.00,150.00,1
138,6,1153.30,238.06,50.00,150.00,1
138,7,237.65,138.08,50.00,150.00,1
138,8,550.85,140.61,50.00,150.00,1
138,9,652.12,202.25,50.00,150.00,1
139,1,916.95,175.00,50.00,150.00,1
139,2,858.67,203.01,50.00,150.00,1
139,4,698.56,154.34,50.00,150.00,1
139,6,1153.30,238.06,50.00,150.00,1
139,7,235.34,138.08,50.00,150.00,1
139,8,551.12,140.43,50.00,150.00,1
139,9,652.33,202.86,50.00,150.00,1
140,1,916.95,175.00,50.00,150.00,1
140,2,858.67,203.01,50.00,150.00,1
140,4,698.56,154.34,50.00,150.00,1
140,6,1153.30,238.06,50.00,150.00,1
140,7,235.34,138.08,50.00,150.00,1
140,8,551.12,140.43,50.00,150.00,1
140,9,652.33,202.86,50.00,150.00,1
141,1,913.95,174.23,50.00,150.00,1
141,2,855.01,201.42,50.00,150.00,1
141,4,697.86,153.85,50.00,150.00,1
141,6,1153.30,238.06,50.00,150.00,1
141,7,230.73,138.08,50.00,150.00,1
141,8,551.65,140.07,50.00,150.00,1
141,9,652.77,204.09,50.00,150.00,1
142,1,912.48,173.85,50.00,150.00,1
142,2,853.23,200.65,50.00,150.00,1
142,4,697.51,153.61,50.00,150.00,1
142,6,1153.29,238.06,50.00,150.00,1
142,7,228.42,138.08,50.00,150.00,1
142,8,551.91,139.89,50.00,150.00,1
142,9,652.99,204.72,50.00,150.00,1
143,1,911.02,173.48,50.00,150.00,1
143,2,851.47,199.88,50.00,150.00,1
143,4,697.16,153.38,50.00,150.00,1
143,6,1153.29,238.06,50.00,150.00,1
143,7,226.12,138.08,50.00,150.00,1
143,8,552.17,139.72,50.00,150.00,1
143,9,653.21,205.36,50.00,150.00,1
144,1,909.57,173.10,50.00,150.00,1
144,2,849.73,199.13,50.00,150.00,1
144,4,696.82,153.14,50.00,150.00,1
144,6,1153.29,238.06,50.00,150.00,1
144,7,223.81,138.08,50.00,150.00,1
144,8,552.43,139.54,50.00,150.00,1
144,9,653.44,206.00,50.00,150.00,1
145,1,908.14,172.73,50.00,150.00,1
145,2,847.59,198.22,50.00,150.00,1
145,4,696.48,152.91,50.00,150.00,1
145,6,1153.29,238.06,50.00,150.00,1
145,7,221.51,138.08,50.00,150.00,1
145,8,552.69,139.37,50.00,150.00,1
145,9,653.67,206.65,50.00,150.00,1
146,1,906.72,172.37,50.00,150.00,1
146,2,845.92,197.49,50.00,150.00,1
146,4,696.14,152.68,50.00,150.00,1
146,6,1153.28,238.06,50.00,150.00,1
146,7,219.20,138.08,50.00,150.00,1
146,8,552.94,139.20,50.00,150.00,1
146,9,653.90,207.31,50.00,150.00,1
147,1,905.31,172.01,50.00,150.00,1
147,2,844.26,196.77,50.00,150.00,1
147,4,695.81,152.45,50.00,150.00,1
147,6,1153.28,238.05,50.00,150.00,1
147,7,216.90,138.08,50.00,150.00,1
147,8,553.20,139.02,50.00,150.00,1
147,9,654.14,207.98,50.00,150.00,1
148,1,905.31,172.01,50.00,150.00,1
148,2,844.26,196.77,50.00,150.00,1
148,4,695.81,152.45,50.00,150.00,1
148,6,1153.28,238.05,50.00,150.00,1
148,7,216.90,138.08,50.00,150.00,1
148,8,553.20,139.02,50.00,150.00,1
148,9,654.14,207.98,50.00,150.00,1
149,1,902.55,171.29,50.00,150.00,1
149,2,841.02,195.36,50.00,150.00,1
149,4,695.15,152.00,50.00,150.00,1
149,6,1153.28,238.05,50.00,150.00,1
149,7,212.29,138.08,50.00,150.00,1
149,8,553.69,138.69,50.00,150.00,1
149,9,654.62,209.33,50.00,150.00,1
150,1,901.18,170.94,50.00,150.00,1
150,2,839.43,194.67,50.00,150.00,1
150,4,694.82,151.78,50.00,150.00,1
150,6,1153.27,238.05,50.00,150.00,1
150,7,209.98,138.08,50.00,150.00,1
150,8,553.94,138.52,50.00,150.00,1
150,9,654.86,210.02,50.00,150.00,1
151,1,899.83,170.59,50.00,150.00,1
151,2,837.87,193.99,50.00,150.00,1
151,4,694.50,151.55,50.00,150.00,1
151,6,1153.27,238.05,50.00,150.00,1
151,7,207.67,138.08,50.00,150.00,1
151,8,554.18,138.35,50.00,150.00,1
151,9,655.11,210.72,50.00,150.00,1
152,1,898.49,170.25,50.00,150.00,1
152,2,836.33,193.32,50.00,150.00,1
152,4,694.18,151.33,50.00,150.00,1
152,6,1153.27,238.05,50.00,150.00,1
152,7,205.37,138.08,50.00,150.00,1
152,8,554.43,138.19,50.00,150.00,1
152,9,655.36,211.43,50.00,150.00,1
153,1,897.16,169.90,50.00,150.00,1
153,2,834.81,192.66,50.00,150.00,1
153,4,693.86,151.12,50.00,150.00,1
153,6,1153.26,238.05,50.00,150.00,1
153,7,203.06,138.08,50.00,150.00,1
153,8,554.67,138.03,50.00,150.00,1
153,9,655.61,212.15,50.00,150.00,1
154,1,895.85,169.57,50.00,150.00,1
154,2,833.30,192.01,50.00,150.00,1
154,4,693.55,150.90,50.00,150.00,1
154,6,1153.26,238.05,50.00,150.00,1
154,7,200.76,138.08,50.00,150.00,1
154,8,554.91,137.87,50.00,150.00,1
154,9,655.87,212.88,50.00,150.00,1
155,1,894.55,169.23,50.00,150.00,1
155,2,831.82,191.37,50.00,150.00,1
155,4,693.23,150.69,50.00,150.00,1
155,6,1153.26,238.05,50.00,150.00,1
155,7,198.45,138.08,50.00,150.00,1
155,8,555.14,137.71,50.00,150.00,1
155,9,656.13,213.61,50.00,150.00,1
156,1,893.26,168.90,50.00,150.00,1
156,2,830.36,190.73,50.00,150.00,1
156,4,692.92,150.47,50.00,150.00,1
156,6,1153.26,238.05,50.00,150.00,1
156,7,196.15,138.08,50.00,150.00,1
156,8,555.38,137.55,50.00,150.00,1
156,9,656.39,214.36,50.00,150.00,1
157,1,891.98,168.57,50.00,150.00,1
157,2,828.92,190.11,50.00,150.00,1
157,4,692.61,150.26,50.00,150.00,1
157,6,1153.26,238.05,50.00,150.00,1
157,7,193.84,138.08,50.00,150.00,1
157,8,555.61,137.39,50.00,150.00,1
157,9,656.66,215.11,50.00,150.00,1
158,1,890.71,168.24,50.00,150.00,1
158,2,827.50,189.49,50.00,150.00,1
158,4,692.31,150.05,50.00,150.00,1
158,6,1153.25,238.05,50.00,150.00,1
158,7,191.54,138.08,50.00,150.00,1
158,8,555.84,137.23,50.00,150.00,1
158,9,656.93,215.88,50.00,150.00,1
159,1,889.46,167.92,50.00,150.00,1
159,2,826.10,188.88,50.00,150.00,1
159,4,692.00,149.85,50.00,150.00,1
159,6,1153.25,238.05,50.00,150.00,1
159,7,189.23,138.08,50.00,150.00,1
159,8,556.07,137.08,50.00,150.00,1
159,9,657.20,216.65,50.00,150.00,1
160,1,888.21,167.60,50.00,150.00,1
160,2,824.71,188.28,50.00,150.00,1
160,4,691.70,149.64,50.00,150.00,1
160,6,1153.25,238.05,50.00,150.00,1
160,7,186.93,138.08,50.00,150.00,1
160,8,556.30,136.92,50.00,150.00,1
160,9,657.48,217.44,50.00,150.00,1
161,1,888.21,167.60,50.00,150.00,1
161,2,824.71,188.28,50.00,150.00,1
161,4,691.70,149.64,50.00,150.00,1
161,6,1153.25,238.05,50.00,150.00,1
161,7,186.93,138.08,50.00,150.00,1
161,8,556.30,136.92,50.00,150.00,1
161,9,657.48,217.44,50.00,150.00,1
162,1,885.76,166.96,50.00,150.00,1
162,2,822.00,187.10,50.00,150.00,1
162,4,691.11,149.23,50.00,150.00,1
162,6,1153.24,238.05,50.00,150.00,1
162,7,182.31,138.08,50.00,150.00,1
162,8,556.75,136.62,50.00,150.00,1
162,9,658.05,219.04,50.00,150.00,1
163,1,884.55,166.65,50.00,150.00,1
163,2,820.67,186.52,50.00,150.00,1
163,4,690.81,149.03,50.00,150.00,1
163,6,1153.24,238.04,50.00,150.00,1
163,7,180.01,138.08,50.00,150.00,1
163,8,556.97,136.47,50.00,150.00,1
163,9,658.34,219.86,50.00,150.00,1
164,1,883.35,166.34,50.00,150.00,1
164,2,819.35,185.95,50.00,150.00,1
164,4,690.52,148.83,50.00,150.00,1
164,6,1153.24,238.04,50.00,150.00,1
164,7,177.70,138.08,50.00,150.00,1
164,8,557.19,136.32,50.00,150.00,1
164,9,658.63,220.68,50.00,150.00,1
165,1,882.16,166.04,50.00,150.00,1
165,2,818.06,185.39,50.00,150.00,1
165,4,690.23,148.63,50.00,150.00,1
165,6,1153.24,238.04,50.00,150.00,1
165,7,175.40,138.08,50.00,150.00,1
165,8,557.41,136.17,50.00,150.00,1
165,9,658.92,221.52,50.00,150.00,1
166,1,880.98,165.73,50.00,150.00,1
166,2,816.78,184.83,50.00,150.00,1
166,4,689.94,148.44,50.00,150.00,1
166,6,1153.23,238.04,50.00,150.00,1
166,7,173.09,138.08,50.00,150.00,1
166,8,557.63,136.02,50.00,150.00,1
166,9,659.22,222.37,50.00,150.00,1
167,1,879.81,165.43,50.00,150.00,1
167,2,815.51,184.28,50.00,150.00,1
167,4,689.66,148.24,50.00,150.00,1
167,6,1153.23,238.04,50.00,150.00,1
167,7,170.79,138.08,50.00,150.00,1
167,8,557.84,135.88,50.00,150.00,1
167,9,659.53,223.24,50.00,150.00,1
168,1,878.66,165.13,50.00,150.00,1
168,2,814.26,183.74,50.00,150.00,1
168,4,689.38,148.05,50.00,150.00,1
168,6,1153.23,238.04,50.00,150.00,1
168,7,168.48,138.08,50.00,150.00,1
168,8,558.06,135.73,50.00,150.00,1
168,9,659.84,224.11,50.00,150.00,1
169,1,878.66,165.13,50.00,150.00,1
169,2,814.26,183.74,50.00,150.00,1
169,4,689.38,148.05,50.00,150.00,1
169,6,1153.23,238.04,50.00,150.00,1
169,7,168.48,138.08,50.00,150.00,1
169,8,558.06,135.73,50.00,150.00,1
169,9,659.84,224.11,50.00,150.00,1
170,1,876.37,164.54,50.00,150.00,1
170,2,811.81,182.67,50.00,150.00,1
170,4,688.82,147.66,50.00,150.00,1
170,6,1153.22,238.04,50.00,150.00,1
170,7,163.87,138.08,50.00,150.00,1
170,8,558.48,135.44,50.00,150.00,1
170,9,660.47,225.89,50.00,150.00,1
171,1,875.24,164.25,50.00,150.00,1
171,2,810.60,182.15,50.00,150.00,1
171,4,688.54,147.47,50.00,150.00,1
171,6,1153.22,238.04,50.00,150.00,1
171,7,161.57,138.08,50.00,150.00,1
171,8,558.69,135.30,50.00,150.00,1
171,9,660.79,226.81,50.00,150.00,1
172,1,874.12,163.96,50.00,150.00,1
172,2,809.42,181.63,50.00,150.00,1
172,4,688.26,147.29,50.00,150.00,1
172,6,1153.22,238.04,50.00,150.00,1
172,7,159.26,138.08,50.00,150.00,1
172,8,558.90,135.16,50.00,150.00,1
172,9,661.12,227.73,50.00,150.00,1
173,1,873.02,163.68,50.00,150.00,1
173,2,808.24,181.12,50.00,150.00,1
173,4,687.99,147.10,50.00,150.00,1
173,6,1153.22,238.04,50.00,150.00,1
173,7,156.95,138.08,50.00,150.00,1
173,8,559.10,135.02,50.00,150.00,1
173,9,661.45,228.67,50.00,150.00,1
174,1,871.92,163.39,50.00,150.00,1
174,2,807.08,180.62,50.00,150.00,1
174,4,687.72,146.92,50.00,150.00,1
174,6,1153.22,238.04,50.00,150.00,1
174,7,154.65,138.08,50.00,150.00,1
174,8,559.31,134.88,50.00,150.00,1
174,9,661.78,229.62,50.00,150.00,1
175,1,870.83,163.11,50.00,150.00,1
175,2,805.93,180.12,50.00,150.00,1
175,4,687.45,146.73,50.00,150.00,1
175,6,1153.21,238.04,50.00,150.00,1
175,7,152.34,138.08,50.00,150.00,1
175,8,559.51,134.74,50.00,150.00,1
175,9,662.12,230.58,50.00,150.00,1
176,1,869.74,162.83,50.00,150.00,1
176,2,804.80,179.62,50.00,150.00,1
176,4,687.19,146.55,50.00,150.00,1
176,6,1153.21,238.04,50.00,150.00,1
176,7,150.04,138.08,50.00,150.00,1
176,8,559.71,134.61,50.00,150.00,1
176,9,662.47,231.56,50.00,150.00,1
177,1,868.67,162.56,50.00,150.00,1
177,2,803.68,179.14,50.00,150.00,1
177,4,686.92,146.37,50.00,150.00,1
177,6,1153.21,238.04,50.00,150.00,1
177,7,147.73,138.08,50.00,150.00,1
177,8,559.92,134.47,50.00,150.00,1
177,9,662.82,232.56,50.00,150.00,1
178,1,867.61,162.28,50.00,150.00,1
178,2,802.57,178.66,50.00,150.00,1
178,4,686.66,146.19,50.00,150.00,1
178,6,1153.20,238.03,50.00,150.00,1
178,7,145.43,138.08,50.00,150.00,1
178,8,560.11,134.34,50.00,150.00,1
178,9,663.18,233.57,50.00,150.00,1
179,1,866.56,162.01,50.00,150.00,1
179,2,801.48,178.18,50.00,150.00,1
179,4,686.40,146.01,50.00,150.00,1
179,6,1153.20,238.03,50.00,150.00,1
179,7,143.12,138.08,50.00,150.00,1
179,8,560.31,134.20,50.00,150.00,1
179,9,663.54,234.59,50.00,150.00,1
180,1,865.51,161.74,50.00,150.00,1
180,2,800.40,177.71,50.00,150.00,1
180,4,686.14,145.83,50.00,150.00,1
180,6,1153.20,238.03,50.00,150.00,1
180,7,140.82,138.08,50.00,150.00,1
180,8,560.51,134.07,50.00,150.00,1
180,9,663.91,235.63,50.00,150.00,1
181,1,864.47,161.48,50.00,150.00,1
181,2,799.33,177.25,50.00,150.00,1
181,4,685.88,145.66,50.00,150.00,1
181,6,1153.20,238.03,50.00,150.00,1
181,7,138.51,138.08,50.00,150.00,1
181,8,560.70,133.94,50.00,150.00,1
181,9,664.28,236.68,50.00,150.00,1
182,1,863.45,161.21,50.00,150.00,1
182,2,798.27,176.79,50.00,150.00,1
182,4,685.63,145.48,50.00,150.00,1
182,6,1153.19,238.03,50.00,150.00,1
182,7,136.21,138.08,50.00,150.00,1
182,8,560.90,133.81,50.00,150.00,1
182,9,664.66,237.76,50.00,150.00,1
183,1,862.43,160.95,50.00,150.00,1
183,2,797.23,176.34,50.00,150.00,1
183,4,685.37,145.31,50.00,150.00,1
183,6,1153.19,238.03,50.00,150.00,1
183,7,133.90,138.08,50.00,150.00,1
183,8,561.09,133.68,50.00,150.00,1
183,9,665.04,238.84,50.00,150.00,1
184,1,861.42,160.69,50.00,150.00,1
184,2,796.20,175.89,50.00,150.00,1
184,4,685.12,145.14,50.00,150.00,1
184,6,1153.19,238.03,50.00,150.00,1
184,7,131.59,138.08,50.00,150.00,1
184,8,561.28,133.55,50.00,150.00,1
184,9,665.43,239.95,50.00,150.00,1
185,1,860.41,160.43,50.00,150.00,1
185,2,795.18,175.44,50.00,150.00,1
185,4,684.87,144.97,50.00,150.00,1
185,6,1153.19,238.03,50.00,150.00,1
185,7,129.29,138.08,50.00,150.00,1
185,8,561.47,133.42,50.00,150.00,1
185,9,665.83,241.07,50.00,150.00,1
186,1,859.42,160.17,50.00,150.00,1
186,2,794.17,175.00,50.00,150.00,1
186,4,684.62,144.80,50.00,150.00,1
186,6,1153.18,238.03,50.00,150.00,1
186,7,126.98,138.08,50.00,150.00,1
186,8,561.65,133.29,50.00,150.00,1
186,9,666.23,242.21,50.00,150.00,1
187,1,858.43,159.92,50.00,150.00,1
187,2,793.17,174.57,50.00,150.00,1
187,4,684.38,144.63,50.00,150.00,1
187,6,1153.18,238.03,50.00,150.00,1
187,7,124.68,138.08,50.00,150.00,1
187,8,561.84,133.17,50.00,150.00,1
187,9,666.64,243.37,50.00,150.00,1
188,1,857.45,159.66,50.00,150.00,1
188,2,792.18,174.14,50.00,150.00,1
188,4,684.13,144.46,50.00,150.00,1
188,6,1153.18,238.03,50.00,150.00,1
188,7,122.37,138.08,50.00,150.00,1
188,8,562.03,133.04,50.00,150.00,1
188,9,667.05,244.54,50.00,150.00,1
189,1,856.48,159.41,50.00,150.00,1
189,2,791.20,173.72,50.00,150.00,1
189,4,683.89,144.29,50.00,150.00,1
189,6,1153.18,238.03,50.00,150.00,1
189,7,120.07,138.08,50.00,150.00,1
189,8,562.21,132.92,50.00,150.00,1
189,9,667.48,245.74,50.00,150.00,1
190,1,855.52,159.17,50.00,150.00,1
190,2,790.24,173.30,50.00,150.00,1
190,4,683.65,144.13,50.00,150.00,1
190,6,1153.17,238.03,50.00,150.00,1
190,7,117.76,138.08,50.00,150.00,1
190,8,562.39,132.79,50.00,150.00,1
190,9,667.90,246.96,50.00,150.00,1
191,1,854.56,158.92,50.00,150.00,1
191,2,789.28,172.88,50.00,150.00,1
191,4,683.41,143.96,50.00,150.00,1
191,6,1153.17,238.03,50.00,150.00,1
191,7,115.46,138.08,50.00,150.00,1
191,8,562.57,132.67,50.00,150.00,1
191,9,668.34,248.19,50.00,150.00,1
192,1,853.62,158.68,50.00,150.00,1
192,2,788.34,172.47,50.00,150.00,1
192,4,683.17,143.80,50.00,150.00,1
192,6,1153.17,238.03,50.00,150.00,1
192,7,113.15,138.08,50.00,150.00,1
192,8,562.76,132.55,50.00,150.00,1
192,9,668.78,249.45,50.00,150.00,1
193,1,852.67,158.43,50.00,150.00,1
193,2,787.40,172.07,50.00,150.00,1
193,4,682.94,143.64,50.00,150.00,1
193,6,1153.17,238.03,50.00,150.00,1
193,7,110.85,138.08,50.00,150.00,1
193,8,562.93,132.43,50.00,150.00,1
193,9,669.24,250.73,50.00,150.00,1
194,1,851.74,158.19,50.00,150.00,1
194,2,786.48,171.66,50.00,150.00,1
194,4,682.70,143.48,50.00,150.00,1
194,6,1153.16,238.02,50.00,150.00,1
194,7,108.54,138.08,50.00,150.00,1
194,8,563.11,132.31,50.00,150.00,1
194,9,669.69,252.02,50.00,150.00,1
195,1,850.82,157.95,50.00,150.00,1
195,2,785.57,171.27,50.00,150.00,1
195,4,682.47,143.32,50.00,150.00,1
195,6,1153.16,238.02,50.00,150.00,1
195,7,106.23,138.08,50.00,150.00,1
195,8,563.29,132.19,50.00,150.00,1
195,9,670.16,253.34,50.00,150.00,1
196,1,849.90,157.72,50.00,150.00,1
196,2,784.66,170.87,50.00,150.00,1
196,4,682.24,143.16,50.00,150.00,1
196,6,1153.16,238.02,50.00,150.00,1
196,7,103.93,138.08,50.00,150.00,1
196,8,563.46,132.07,50.00,150.00,1
196,9,670.64,254.69,50.00,150.00,1
197,1,848.99,157.48,50.00,150.00,1
197,2,783.77,170.48,50.00,150.00,1
197,4,682.01,143.01,50.00,150.00,1
197,6,1153.16,238.02,50.00,150.00,1
197,7,101.62,138.08,50.00,150.00,1
197,8,563.64,131.95,50.00,150.00,1
197,9,671.12,256.06,50.00,150.00,1
198,1,848.08,157.25,50.00,150.00,1
198,2,782.88,170.10,50.00,150.00,1
198,4,681.78,142.85,50.00,150.00,1
198,6,1153.15,238.02,50.00,150.00,1
198,7,99.36,138.38,50.00,150.00,1
198,8,563.81,131.83,50.00,150.00,1
198,9,671.61,257.45,50.00,150.00,1
199,1,847.18,157.02,50.00,150.00,1
199,2,782.00,169.72,50.00,150.00,1
199,4,681.55,142.69,50.00,150.00,1
199,6,1153.15,238.02,50.00,150.00,1
199,7,97.18,139.29,50.00,150.00,1
199,8,563.98,131.72,50.00,150.00,1
199,9,672.11,258.86,50.00,150.00,1
200,1,846.29,156.79,50.00,150.00,1
200,2,781.13,169.34,50.00,150.00,1
200,4,681.33,142.54,50.00,150.00,1
200,6,1153.15,238.02,50.00,150.00,1
200,7,95.12,141.03,50.00,150.00,1
200,8,564.15,131.60,50.00,150.00,1
200,9,672.62,260.30,50.00,150.00,1
201,1,845.41,156.56,50.00,150.00,1
201,2,780.28,168.97,50.00,150.00,1
201,4,681.10,142.39,50.00,150.00,1
201,6,1153.15,238.02,50.00,150.00,1
201,7,93.33,144.69,50.00,150.00,1
201,8,564.32,131.49,50.00,150.00,1
201,9,673.14,261.77,50.00,150.00,1
202,1,844.53,156.33,50.00,150.00,1
202,2,779.43,168.60,50.00,150.00,1
202,4,680.88,142.24,50.00,150.00,1
202,6,1153.15,238.02,50.00,150.00,1
202,7,91.25,146.20,50.00,150.00,1
202,8,564.49,131.37,50.00,150.00,1
202,9,673.66,263.26,50.00,150.00,1
203,1,844.53,156.33,50.00,150.00,1
203,2,779.43,168.60,50.00,150.00,1
203,4,680.88,142.24,50.00,150.00,1
203,6,1153.15,238.02,50.00,150.00,1
203,7,91.25,146.20,50.00,150.00,1
203,8,564.49,131.37,50.00,150.00,1
203,9,673.66,263.26,50.00,150.00,1
204,1,842.80,155.89,50.00,150.00,1
204,2,777.75,167.87,50.00,150.00,1
204,4,680.44,141.93,50.00,150.00,1
204,6,1153.14,238.02,50.00,150.00,1
204,7,86.65,146.20,50.00,150.00,1
204,8,564.82,131.15,50.00,150.00,1
204,9,674.75,266.33,50.00,150.00,1
205,1,841.94,155.67,50.00,150.00,1
205,2,776.93,167.51,50.00,150.00,1
205,4,680.23,141.79,50.00,150.00,1
205,6,1153.14,238.02,50.00,150.00,1
205,7,84.35,146.20,50.00,150.00,1
205,8,564.99,131.03,50.00,150.00,1
205,9,675.30,267.91,50.00,150.00,1
206,1,841.09,155.45,50.00,150.00,1
206,2,776.11,167.16,50.00,150.00,1
206,4,680.01,141.64,50.00,150.00,1
206,6,1153.14,238.02,50.00,150.00,1
206,7,82.04,146.20,50.00,150.00,1
206,8,565.15,130.92,50.00,150.00,1
206,9,675.87,269.51,50.00,150.00,1
207,1,840.24,155.23,50.00,150.00,1
207,2,775.31,166.81,50.00,150.00,1
207,4,679.79,141.49,50.00,150.00,1
207,6,1153.13,238.02,50.00,150.00,1
207,7,79.74,146.20,50.00,150.00,1
207,8,565.32,130.81,50.00,150.00,1
207,9,676.45,271.15,50.00,150.00,1
208,1,838.57,154.80,50.00,150.00,1
208,2,773.71,166.12,50.00,150.00,1
208,4,679.37,141.20,50.00,150.00,1
208,6,1153.13,238.02,50.00,150.00,1
208,7,75.14,146.20,50.00,150.00,1
208,8,565.64,130.59,50.00,150.00,1
208,9,677.64,274.52,50.00,150.00,1
209,1,838.57,154.80,50.00,150.00,1
209,2,773.71,166.12,50.00,150.00,1
209,4,679.37,141.20,50.00,150.00,1
209,6,1153.13,238.02,50.00,150.00,1
209,7,75.14,146.20,50.00,150.00,1
209,8,565.64,130.59,50.00,150.00,1
209,9,677.64,274.52,50.00,150.00,1
210,1,838.57,154.80,50.00,150.00,1
210,2,773.71,166.12,50.00,150.00,1
210,4,679.37,141.20,50.00,150.00,1
210,6,1153.13,238.02,50.00,150.00,1
210,7,75.14,146.20,50.00,150.00,1
210,8,565.64,130.59,50.00,150.00,1
210,9,677.64,274.52,50.00,150.00,1
211,1,836.93,154.37,50.00,150.00,1
211,2,772.15,165.44,50.00,150.00,1
211,4,678.95,140.91,50.00,150.00,1
211,6,1153.12,238.01,50.00,150.00,1
211,7,70.54,146.20,50.00,150.00,1
211,8,565.96,130.38,50.00,150.00,1
211,9,678.88,278.03,50.00,150.00,1
212,1,836.11,154.16,50.00,150.00,1
212,2,771.39,165.11,50.00,150.00,1
212,4,678.74,140.77,50.00,150.00,1
212,6,1153.12,238.01,50.00,150.00,1
212,7,68.24,146.20,50.00,150.00,1
212,8,566.12,130.27,50.00,150.00,1
212,9,679.51,279.83,50.00,150.00,1
213,1,835.31,153.95,50.00,150.00,1
213,2,770.62,164.77,50.00,150.00,1
213,4,678.54,140.63,50.00,150.00,1
213,6,1153.12,238.01,50.00,150.00,1
213,7,65.94,146.20,50.00,150.00,1
213,8,566.27,130.17,50.00,150.00,1
213,9,680.16,281.67,50.00,150.00,1
214,1,834.50,153.75,50.00,150.00,1
214,2,769.87,164.45,50.00,150.00,1
214,4,678.33,140.49,50.00,150.00,1
214,6,1153.11,238.01,50.00,150.00,1
214,7,63.64,146.20,50.00,150.00,1
214,8,566.43,130.06,50.00,150.00,1
214,9,680.83,283.55,50.00,150.00,1
215,1,833.71,153.54,50.00,150.00,1
215,2,769.12,164.12,50.00,150.00,1
215,4,678.13,140.35,50.00,150.00,1
215,6,1153.11,238.01,50.00,150.00,1
215,7,61.34,146.20,50.00,150.00,1
215,8,566.58,129.96,50.00,150.00,1
215,9,681.50,285.47,50.00,150.00,1
216,1,832.92,153.34,50.00,150.00,1
216,2,768.39,163.80,50.00,150.00,1
216,4,677.92,140.21,50.00,150.00,1
216,6,1153.11,238.01,50.00,150.00,1
216,7,59.04,146.20,50.00,150.00,1
216,8,566.74,129.85,50.00,150.00,1
216,9,682.20,287.42,50.00,150.00,1
217,1,832.13,153.14,50.00,150.00,1
217,2,767.65,163.48,50.00,150.00,1
217,4,677.72,140.07,50.00,150.00,1
217,6,1153.11,238.01,50.00,150.00,1
217,7,56.74,146.20,50.00,150.00,1
217,8,566.89,129.75,50.00,150.00,1
217,9,682.90,289.42,50.00,150.00,1
218,1,832.13,153.14,50.00,150.00,1
218,2,767.65,163.48,50.00,150.00,1
218,4,677.72,140.07,50.00,150.00,1
218,6,1153.11,238.01,50.00,150.00,1
218,7,56.74,146.20,50.00,150.00,1
218,8,566.89,129.75,50.00,150.00,1
218,9,682.90,289.42,50.00,150.00,1
219,1,830.58,152.74,50.00,150.00,1
219,2,766.21,162.86,50.00,150.00,1
219,4,677.32,139.80,50.00,150.00,1
219,6,1153.10,238.01,50.00,150.00,1
219,7,52.14,146.20,50.00,150.00,1
219,8,567.19,129.54,50.00,150.00,1
219,9,684.36,293.54,50.00,150.00,1
220,1,829.81,152.54,50.00,150.00,1
220,2,765.50,162.55,50.00,150.00,1
220,4,677.13,139.66,50.00,150.00,1
220,6,1153.10,238.01,50.00,150.00,1
220,7,49.84,146.20,50.00,150.00,1
220,8,567.34,129.44,50.00,150.00,1
220,9,685.11,295.67,50.00,150.00,1
221,1,829.05,152.34,50.00,150.00,1
221,2,764.79,162.24,50.00,150.00,1
221,4,676.93,139.53,50.00,150.00,1
221,6,1153.10,238.01,50.00,150.00,1
221,7,47.54,146.20,50.00,150.00,1
221,8,567.49,129.34,50.00,150.00,1
221,9,685.88,297.85,50.00,150.00,1
222,1,828.29,152.15,50.00,150.00,1
222,2,764.09,161.94,50.00,150.00,1
222,4,676.74,139.40,50.00,150.00,1
222,6,1153.10,238.01,50.00,150.00,1
222,7,45.24,146.20,50.00,150.00,1
222,8,567.64,129.24,50.00,150.00,1
222,9,686.66,300.07,50.00,150.00,1
223,1,827.54,151.95,50.00,150.00,1
223,2,763.40,161.64,50.00,150.00,1
223,4,676.54,139.26,50.00,150.00,1
223,6,1153.09,238.01,50.00,150.00,1
223,7,42.94,146.20,50.00,150.00,1
223,8,567.79,129.14,50.00,150.00,1
223,9,687.46,302.35,50.00,150.00,1
224,1,826.79,151.76,50.00,150.00,1
224,2,762.72,161.34,50.00,150.00,1
224,4,676.35,139.13,50.00,150.00,1
224,6,1153.09,238.01,50.00,150.00,1
224,7,40.64,146.20,50.00,150.00,1
224,8,567.93,129.04,50.00,150.00,1
224,9,688.29,304.67,50.00,150.00,1
225,1,826.05,151.57,50.00,150.00,1
225,2,762.04,161.04,50.00,150.00,1
225,4,676.16,139.00,50.00,150.00,1
225,6,1153.09,238.00,50.00,150.00,1
225,7,38.34,146.20,50.00,150.00,1
225,8,568.08,128.94,50.00,150.00,1
225,9,689.13,307.05,50.00,150.00,1
226,1,825.32,151.38,50.00,150.00,1
226,2,761.37,160.75,50.00,150.00,1
226,4,675.97,138.87,50.00,150.00,1
226,6,1153.09,238.00,50.00,150.00,1
226,7,36.04,146.20,50.00,150.00,1
226,8,568.22,128.84,50.00,150.00,1
226,9,689.98,309.48,50.00,150.00,1
227,1,824.59,151.19,50.00,150.00,1
227,2,760.70,160.46,50.00,150.00,1
227,4,675.78,138.74,50.00,150.00,1
227,6,1153.08,238.00,50.00,150.00,1
227,7,33.74,146.20,50.00,150.00,1
227,8,568.37,128.75,50.00,150.00,1
227,9,690.86,311.97,50.00,150.00,1
228,1,823.86,151.00,50.00,150.00,1
228,2,760.04,160.17,50.00,150.00,1
228,4,675.59,138.61,50.00,150.00,1
228,6,1153.08,238.00,50.00,150.00,1
228,7,31.43,146.20,50.00,150.00,1
228,8,568.51,128.65,50.00,150.00,1
228,9,691.77,314.52,50.00,150.00,1
229,1,823.14,150.82,50.00,150.00,1
229,2,759.38,159.89,50.00,150.00,1
229,4,675.41,138.49,50.00,150.00,1
229,6,1153.08,238.00,50.00,150.00,1
229,7,29.13,146.20,50.00,150.00,1
229,8,568.65,128.55,50.00,150.00,1
229,9,692.69,317.13,50.00,150.00,1
230,1,822.42,150.63,50.00,150.00,1
230,2,758.73,159.61,50.00,150.00,1
230,4,675.22,138.36,50.00,150.00,1
230,6,1153.08,238.00,50.00,150.00,1
230,7,26.83,146.20,50.00,150.00,1
230,8,568.79,128.46,50.00,150.00,1
230,9,693.63,319.81,50.00,150.00,1
231,1,821.71,150.45,50.00,150.00,1
231,2,758.09,159.33,50.00,150.00,1
231,4,675.04,138.23,50.00,150.00,1
231,6,1153.07,238.00,50.00,150.00,1
231,7,24.53,146.20,50.00,150.00,1
231,8,568.93,128.36,50.00,150.00,1
231,9,694.60,322.55,50.00,150.00,1
232,1,821.01,150.27,50.00,150.00,1
232,2,757.45,159.05,50.00,150.00,1
232,4,674.85,138.11,50.00,150.00,1
232,6,1153.07,238.00,50.00,150.00,1
232,7,22.23,146.20,50.00,150.00,1
232,8,569.07,128.27,50.00,150.00,1
232,9,695.59,325.36,50.00,150.00,1
233,1,820.30,150.09,50.00,150.00,1
233,2,756.82,158.78,50.00,150.00,1
233,4,674.67,137.98,50.00,150.00,1
233,6,1153.07,238.00,50.00,150.00,1
233,7,19.93,146.20,50.00,150.00,1
233,8,569.21,128.18,50.00,150.00,1
233,9,696.61,328.24,50.00,150.00,1
234,1,819.61,149.91,50.00,150.00,1
234,2,756.20,158.50,50.00,150.00,1
234,4,674.49,137.86,50.00,150.00,1
234,6,1153.07,238.00,50.00,150.00,1
234,7,17.63,146.20,50.00,150.00,1
234,8,569.35,128.08,50.00,150.00,1
234,9,697.65,331.19,50.00,150.00,1
235,1,818.92,149.73,50.00,150.00,1
235,2,755.57,158.23,50.00,150.00,1
235,4,674.31,137.74,50.00,150.00,1
235,6,1153.06,238.00,50.00,150.00,1
235,7,15.33,146.20,50.00,150.00,1
235,8,569.48,127.99,50.00,150.00,1
235,9,698.72,334.22,50.00,150.00,1
236,1,818.23,149.55,50.00,150.00,1
236,2,754.96,157.97,50.00,150.00,1
236,4,674.13,137.61,50.00,150.00,1
236,6,1153.06,238.00,50.00,150.00,1
236,7,13.03,146.20,50.00,150.00,1
236,8,569.62,127.90,50.00,150.00,1
236,9,699.82,337.33,50.00,150.00,1
237,1,817.55,149.38,50.00,150.00,1
237,2,754.35,157.70,50.00,150.00,1
237,4,673.95,137.49,50.00,150.00,1
237,6,1153.06,238.00,50.00,150.00,1
237,7,10.73,146.20,50.00,150.00,1
237,8,569.75,127.81,50.00,150.00,1
237,9,700.95,340.52,50.00,150.00,1
238,1,816.87,149.20,50.00,150.00,1
238,2,753.74,157.44,50.00,150.00,1
238,4,673.78,137.37,50.00,150.00,1
238,6,1153.06,238.00,50.00,150.00,1
238,7,8.43,146.20,50.00,150.00,1
238,8,569.89,127.72,50.00,150.00,1
238,9,702.10,343.80,50.00,150.00,1
239,1,816.19,149.03,50.00,150.00,1
239,2,753.15,157.18,50.00,150.00,1
239,4,673.60,137.25,50.00,150.00,1
239,6,1153.05,238.00,50.00,150.00,1
239,7,6.13,146.20,50.00,150.00,1
239,8,570.02,127.63,50.00,150.00,1
239,9,703.29,347.17,50.00,150.00,1
240,1,815.52,148.85,50.00,150.00,1
240,2,752.55,156.92,50.00,150.00,1
240,4,673.43,137.13,50.00,150.00,1
240,6,1153.05,237.99,50.00,150.00,1
240,7,3.83,146.20,50.00,150.00,1
240,8,570.15,127.54,50.00,150.00,1
240,9,704.51,350.63,50.00,150.00,1
241,1,814.86,148.68,50.00,150.00,1
241,2,751.96,156.67,50.00,150.00,1
241,4,673.25,137.01,50.00,150.00,1
241,6,1153.05,237.99,50.00,150.00,1
241,7,1.53,146.20,50.00,150.00,1
241,8,570.29,127.45,50.00,150.00,1
241,9,705.77,354.18,50.00,150.00,1
242,1,814.86,148.68,50.00,150.00,1
242,2,751.96,156.67,50.00,150.00,1
242,4,673.25,137.01,50.00,150.00,1
242,6,1153.05,237.99,50.00,150.00,1
242,7,1.53,146.20,50.00,150.00,1
242,8,570.29,127.45,50.00,150.00,1
242,9,705.77,354.18,50.00,150.00,1
243,1,813.54,148.34,50.00,150.00,1
243,2,750.80,156.16,50.00,150.00,1
243,4,672.91,136.78,50.00,150.00,1
243,6,1153.04,237.99,50.00,150.00,1
243,7,0.00,146.20,50.00,150.00,1
243,8,570.55,127.27,50.00,150.00,1
243,9,708.39,361.61,50.00,150.00,1
244,1,812.89,148.18,50.00,150.00,1
244,2,750.22,155.91,50.00,150.00,1
244,4,672.74,136.66,50.00,150.00,1
244,6,1153.04,237.99,50.00,150.00,1
244,7,0.00,146.20,50.00,150.00,1
244,8,570.68,127.18,50.00,150.00,1
244,9,709.76,365.48,50.00,150.00,1
245,1,812.24,148.01,50.00,150.00,1
245,2,749.66,155.66,50.00,150.00,1
245,4,672.57,136.55,50.00,150.00,1
245,6,1153.04,237.99,50.00,150.00,1
245,7,0.00,146.20,50.00,150.00,1
245,8,570.81,127.09,50.00,150.00,1
245,9,711.17,369.47,50.00,150.00,1
246,1,811.60,147.84,50.00,150.00,1
246,2,749.09,155.42,50.00,150.00,1
246,4,672.40,136.43,50.00,150.00,1
246,6,1153.04,237.99,50.00,150.00,1
246,7,0.00,146.20,50.00,150.00,1
246,8,570.93,127.01,50.00,150.00,1
246,9,712.62,373.58,50.00,150.00,1
247,1,810.96,147.68,50.00,150.00,1
247,2,748.53,155.17,50.00,150.00,1
247,4,672.23,136.32,50.00,150.00,1
247,6,1153.03,237.99,50.00,150.00,1
247,7,0.00,146.20,50.00,150.00,1
247,8,571.06,126.92,50.00,150.00,1
247,9,714.12,377.82,50.00,150.00,1
248,1,810.33,147.51,50.00,150.00,1
248,2,747.98,154.93,50.00,150.00,1
248,4,672.07,136.20,50.00,150.00,1
248,6,1153.03,237.99,50.00,150.00,1
248,7,0.00,146.20,50.00,150.00,1
248,8,571.19,126.84,50.00,150.00,1
248,9,715.66,382.19,50.00,150.00,1
249,1,810.33,147.51,50.00,150.00,1
249,2,747.98,154.93,50.00,150.00,1
249,4,672.07,136.20,50.00,150.00,1
249,6,1153.03,237.99,50.00,150.00,1
249,7,0.00,146.20,50.00,150.00,1
249,8,571.19,126.84,50.00,150.00,1
249,9,715.66,382.19,50.00,150.00,1
250,1,809.07,147.19,50.00,150.00,1
250,2,746.88,154.46,50.00,150.00,1
250,4,671.74,135.98,50.00,150.00,1
250,6,1153.03,237.99,50.00,150.00,1
250,7,0.00,146.20,50.00,150.00,1
250,8,571.44,126.66,50.00,150.00,1
250,9,718.89,391.35,50.00,150.00,1
251,1,808.45,147.03,50.00,150.00,1
251,2,746.34,154.22,50.00,150.00,1
251,4,671.57,135.86,50.00,150.00,1
251,6,1153.02,237.99,50.00,150.00,1
251,7,0.00,146.20,50.00,150.00,1
251,8,571.56,126.58,50.00,150.00,1
251,9,720.59,396.15,50.00,150.00,1
252,1,807.83,146.87,50.00,150.00,1
252,2,745.80,153.99,50.00,150.00,1
252,4,671.41,135.75,50.00,150.00,1
252,6,1153.02,237.99,50.00,150.00,1
252,7,0.00,146.20,50.00,150.00,1
252,8,571.69,126.50,50.00,150.00,1
252,9,722.34,401.11,50.00,150.00,1
253,1,807.21,146.71,50.00,150.00,1
253,2,745.27,153.76,50.00,150.00,1
253,4,671.25,135.64,50.00,150.00,1
253,6,1153.02,237.99,50.00,150.00,1
253,8,571.81,126.41,50.00,150.00,1
253,9,724.15,406.24,50.00,150.00,1
254,1,806.60,146.55,50.00,150.00,1
254,2,744.74,153.53,50.00,150.00,1
254,4,671.09,135.53,50.00,150.00,1
254,6,1153.02,237.99,50.00,150.00,1
254,8,571.93,126.33,50.00,150.00,1
254,9,726.03,411.55,50.00,150.00,1
255,1,806.00,146.40,50.00,150.00,1
255,2,744.21,153.30,50.00,150.00,1
255,4,670.93,135.42,50.00,150.00,1
255,6,1153.01,237.99,50.00,150.00,1
255,8,572.05,126.25,50.00,150.00,1
255,9,727.97,417.04,50.00,150.00,1
256,1,805.39,146.24,50.00,150.00,1
256,2,743.69,153.07,50.00,150.00,1
256,4,670.77,135.31,50.00,150.00,1
256,6,1153.01,237.98,50.00,150.00,1
256,8,572.18,126.17,50.00,150.00,1
256,9,729.97,422.72,50.00,150.00,1
257,1,804.79,146.09,50.00,150.00,1
257,2,743.18,152.85,50.00,150.00,1
257,4,670.61,135.21,50.00,150.00,1
257,6,1153.01,237.98,50.00,150.00,1
257,8,572.30,126.08,50.00,150.00,1
257,9,732.05,428.62,50.00,150.00,1
258,1,804.20,145.93,50.00,150.00,1
258,2,742.67,152.63,50.00,150.00,1
258,4,670.45,135.10,50.00,150.00,1
258,6,1153.01,237.98,50.00,150.00,1
258,8,572.42,126.00,50.00,150.00,1
258,9,734.21,434.73,50.00,150.00,1
259,1,803.61,145.78,50.00,150.00,1
259,2,742.16,152.41,50.00,150.00,1
259,4,670.30,134.99,50.00,150.00,1
259,6,1153.00,237.98,50.00,150.00,1
259,8,572.53,125.92,50.00,150.00,1
259,9,736.45,441.07,50.00,150.00,1
260,1,803.02,145.63,50.00,150.00,1
260,2,741.66,152.19,50.00,150.00,1
260,4,670.14,134.88,50.00,150.00,1
260,6,1153.00,237.98,50.00,150.00,1
260,8,572.65,125.84,50.00,150.00,1
260,9,738.77,447.65,50.00,150.00,1
261,1,802.43,145.48,50.00,150.00,1
261,2,741.16,151.97,50.00,150.00,1
261,4,669.99,134.78,50.00,150.00,1
261,6,1153.00,237.98,50.00,150.00,1
261,8,572.77,125.76,50.00,150.00,1
261,9,741.19,454.49,50.00,150.00,1
262,1,801.85,145.33,50.00,150.00,1
262,2,740.66,151.75,50.00,150.00,1
262,4,669.83,134.67,50.00,150.00,1
262,6,1153.00,237.98,50.00,150.00,1
262,8,572.89,125.68,50.00,150.00,1
262,9,743.70,461.60,50.00,150.00,1
263,1,801.28,145.18,50.00,150.00,1
263,2,740.17,151.54,50.00,150.00,1
263,4,669.68,134.57,50.00,150.00,1
263,6,1153.00,237.98,50.00,150.00,1
263,8,573.00,125.60,50.00,150.00,1
263,9,746.31,469.00,50.00,150.00,1
264,1,800.70,145.03,50.00,150.00,1
264,2,739.68,151.33,50.00,150.00,1
264,4,669.53,134.46,50.00,150.00,1
264,6,1152.99,237.98,50.00,150.00,1
264,8,573.12,125.53,50.00,150.00,1
264,9,749.04,476.71,50.00,150.00,1
265,1,800.13,144.89,50.00,150.00,1
265,2,739.20,151.12,50.00,150.00,1
265,4,669.38,134.36,50.00,150.00,1
265,6,1152.99,237.98,50.00,150.00,1
265,8,573.23,125.45,50.00,150.00,1
265,9,751.87,484.74,50.00,150.00,1
266,1,799.57,144.74,50.00,150.00,1
266,2,738.72,150.91,50.00,150.00,1
266,4,669.23,134.26,50.00,150.00,1
266,6,1152.99,237.98,50.00,150.00,1
266,8,573.35,125.37,50.00,150.00,1
266,9,754.83,493.12,50.00,150.00,1
267,1,799.00,144.59,50.00,150.00,1
267,2,738.24,150.70,50.00,150.00,1
267,4,669.08,134.16,50.00,150.00,1
267,6,1152.99,237.98,50.00,150.00,1
267,8,573.46,125.29,50.00,150.00,1
267,9,757.92,501.87,50.00,150.00,1
268,1,798.44,144.45,50.00,150.00,1
268,2,737.77,150.50,50.00,150.00,1
268,4,668.93,134.05,50.00,150.00,1
268,6,1152.98,237.98,50.00,150.00,1
268,8,573.58,125.22,50.00,150.00,1
268,9,761.15,511.01,50.00,150.00,1
269,1,797.89,144.31,50.00,150.00,1
269,2,737.30,150.29,50.00,150.00,1
269,4,668.78,133.95,50.00,150.00,1
269,6,1152.98,237.98,50.00,150.00,1
269,8,573.69,125.14,50.00,150.00,1
269,9,764.53,520.58,50.00,150.00,1
270,1,797.33,144.16,50.00,150.00,1
270,2,736.83,150.09,50.00,150.00,1
270,4,668.63,133.85,50.00,150.00,1
270,6,1152.98,237.98,50.00,150.00,1
270,8,573.80,125.07,50.00,150.00,1
270,9,768.07,530.61,50.00,150.00,1
271,1,796.78,144.02,50.00,150.00,1
271,2,736.37,149.89,50.00,150.00,1
271,4,668.49,133.75,50.00,150.00,1
271,6,1152.97,237.97,50.00,150.00,1
271,8,573.91,124.99,50.00,150.00,1
271,9,771.78,541.12,50.00,150.00,1
272,1,796.24,143.88,50.00,150.00,1
272,2,735.91,149.69,50.00,150.00,1
272,4,668.34,133.65,50.00,150.00,1
272,6,1152.97,237.97,50.00,150.00,1
272,8,574.02,124.91,50.00,150.00,1
272,9,775.67,552.14,50.00,150.00,1
273,1,795.69,143.74,50.00,150.00,1
273,2,735.45,149.49,50.00,150.00,1
273,4,668.20,133.55,50.00,150.00,1
273,6,1152.97,237.97,50.00,150.00,1
273,8,574.13,124.84,50.00,150.00,1
273,9,779.77,563.74,50.00,150.00,1
274,1,795.15,143.60,50.00,150.00,1
274,2,735.00,149.30,50.00,150.00,1
274,4,668.05,133.46,50.00,150.00,1
274,6,1152.97,237.97,50.00,150.00,1
274,8,574.24,124.77,50.00,150.00,1
275,1,794.62,143.46,50.00,150.00,1
275,2,734.55,149.10,50.00,150.00,1
275,4,667.91,133.36,50.00,150.00,1
275,6,1152.96,237.97,50.00,150.00,1
275,8,574.35,124.69,50.00,150.00,1
276,1,794.08,143.33,50.00,150.00,1
276,2,734.11,148.91,50.00,150.00,1
276,4,667.77,133.26,50.00,150.00,1
276,6,1152.96,237.97,50.00,150.00,1
276,8,574.46,124.62,50.00,150.00,1
277,1,793.55,143.19,50.00,150.00,1
277,2,733.67,148.71,50.00,150.00,1
277,4,667.63,133.16,50.00,150.00,1
277,6,1152.96,237.97,50.00,150.00,1
277,8,574.57,124.55,50.00,150.00,1
278,1,793.03,143.05,50.00,150.00,1
278,2,733.23,148.52,50.00,150.00,1
278,4,667.49,133.07,50.00,150.00,1
278,6,1152.96,237.97,50.00,150.00,1
278,8,574.68,124.47,50.00,150.00,1
279,1,792.50,142.92,50.00,150.00,1
279,2,732.79,148.34,50.00,150.00,1
279,4,667.35,132.97,50.00,150.00,1
279,6,1152.96,237.97,50.00,150.00,1
279,8,574.78,124.40,50.00,150.00,1
280,1,791.98,142.78,50.00,150.00,1
280,2,732.36,148.15,50.00,150.00,1
280,4,667.21,132.88,50.00,150.00,1
280,6,1152.95,237.97,50.00,150.00,1
280,8,574.89,124.33,50.00,150.00,1
281,1,791.46,142.65,50.00,150.00,1
281,2,731.93,147.96,50.00,150.00,1
281,4,667.07,132.78,50.00,150.00,1
281,6,1152.95,237.97,50.00,150.00,1
281,8,574.99,124.26,50.00,150.00,1
282,1,790.95,142.52,50.00,150.00,1
282,2,731.50,147.78,50.00,150.00,1
282,4,666.93,132.69,50.00,150.00,1
282,6,1152.95,237.97,50.00,150.00,1
282,8,575.10,124.19,50.00,150.00,1
283,1,790.44,142.39,50.00,150.00,1
283,2,731.08,147.59,50.00,150.00,1
283,4,666.79,132.59,50.00,150.00,1
283,6,1152.95,237.97,50.00,150.00,1
283,8,575.20,124.12,50.00,150.00,1
284,1,789.93,142.25,50.00,150.00,1
284,2,730.66,147.41,50.00,150.00,1
284,4,666.66,132.50,50.00,150.00,1
284,6,1152.94,237.97,50.00,150.00,1
284,8,575.31,124.04,50.00,150.00,1
285,1,789.42,142.12,50.00,150.00,1
285,2,730.24,147.23,50.00,150.00,1
285,4,666.52,132.41,50.00,150.00,1
285,6,1152.94,237.97,50.00,150.00,1
285,8,575.41,123.97,50.00,150.00,1
286,1,788.92,141.99,50.00,150.00,1
286,2,729.83,147.05,50.00,150.00,1
286,4,666.39,132.31,50.00,150.00,1
286,6,1152.94,237.97,50.00,150.00,1
286,8,575.51,123.90,50.00,150.00,1
287,1,788.42,141.87,50.00,150.00,1
287,2,729.42,146.87,50.00,150.00,1
287,4,666.25,132.22,50.00,150.00,1
287,6,1152.94,237.96,50.00,150.00,1
287,8,575.62,123.84,50.00,150.00,1
288,1,787.92,141.74,50.00,150.00,1
288,2,729.01,146.69,50.00,150.00,1
288,4,666.12,132.13,50.00,150.00,1
288,6,1152.93,237.96,50.00,150.00,1
288,8,575.72,123.77,50.00,150.00,1
289,1,787.43,141.61,50.00,150.00,1
289,2,728.61,146.52,50.00,150.00,1
289,4,665.99,132.04,50.00,150.00,1
289,6,1152.93,237.96,50.00,150.00,1
289,8,575.82,123.70,50.00,150.00,1
290,1,786.93,141.48,50.00,150.00,1
290,2,728.20,146.34,50.00,150.00,1
290,4,665.85,131.95,50.00,150.00,1
290,6,1152.93,237.96,50.00,150.00,1
290,8,575.92,123.63,50.00,150.00,1
291,1,786.45,141.36,50.00,150.00,1
291,2,727.81,146.17,50.00,150.00,1
291,4,665.72,131.86,50.00,150.00,1
291,6,1152.93,237.96,50.00,150.00,1
291,8,576.02,123.56,50.00,150.00,1
292,1,785.96,141.23,50.00,150.00,1
292,2,727.41,146.00,50.00,150.00,1
292,4,665.59,131.77,50.00,150.00,1
292,6,1152.92,237.96,50.00,150.00,1
292,8,576.12,123.49,50.00,150.00,1
293,1,785.48,141.11,50.00,150.00,1
293,2,727.02,145.83,50.00,150.00,1
293,4,665.46,131.68,50.00,150.00,1
293,6,1152.92,237.96,50.00,150.00,1
293,8,576.22,123.43,50.00,150.00,1
294,1,785.00,140.98,50.00,150.00,1
294,2,726.62,145.66,50.00,150.00,1
294,4,665.33,131.59,50.00,150.00,1
294,6,1152.92,237.96,50.00,150.00,1
294,8,576.32,123.36,50.00,150.00,1
295,1,784.52,140.86,50.00,150.00,1
295,2,726.24,145.49,50.00,150.00,1
295,4,665.20,131.50,50.00,150.00,1
295,6,1152.92,237.96,50.00,150.00,1
295,8,576.42,123.29,50.00,150.00,1
296,1,784.52,140.86,50.00,150.00,1
296,2,726.24,145.49,50.00,150.00,1
296,4,665.20,131.50,50.00,150.00,1
296,6,1152.92,237.96,50.00,150.00,1
296,8,576.42,123.29,50.00,150.00,1
297,1,783.57,140.61,50.00,150.00,1
297,2,725.47,145.15,50.00,150.00,1
297,4,664.95,131.33,50.00,150.00,1
297,6,1152.91,237.96,50.00,150.00,1
297,8,576.61,123.16,50.00,150.00,1
298,1,783.10,140.49,50.00,150.00,1
298,2,725.09,144.99,50.00,150.00,1
298,4,664.82,131.24,50.00,150.00,1
298,6,1152.91,237.96,50.00,150.00,1
298,8,576.71,123.10,50.00,150.00,1
299,1,782.63,140.37,50.00,150.00,1
299,2,724.71,144.82,50.00,150.00,1
299,4,664.69,131.16,50.00,150.00,1
299,6,1152.91,237.96,50.00,150.00,1
299,8,576.80,123.03,50.00,150.00,1
300,1,782.17,140.25,50.00,150.00,1
300,2,724.33,144.66,50.00,150.00,1
300,4,664.57,131.07,50.00,150.00,1
300,6,1152.90,237.96,50.00,150.00,1
300,8,576.90,122.97,50.00,150.00,1
301,1,781.71,140.13,50.00,150.00,1
301,2,723.96,144.50,50.00,150.00,1
301,4,664.44,130.98,50.00,150.00,1
301,6,1152.90,237.96,50.00,150.00,1
301,8,576.99,122.90,50.00,150.00,1
302,1,781.25,140.02,50.00,150.00,1
302,2,723.59,144.34,50.00,150.00,1
302,4,664.32,130.90,50.00,150.00,1
302,6,1152.90,237.95,50.00,150.00,1
302,8,577.09,122.84,50.00,150.00,1
303,1,780.79,139.90,50.00,150.00,1
303,2,723.22,144.18,50.00,150.00,1
303,4,664.20,130.82,50.00,150.00,1
303,6,1152.90,237.95,50.00,150.00,1
303,8,577.18,122.77,50.00,150.00,1
304,1,780.33,139.78,50.00,150.00,1
304,2,722.86,144.02,50.00,150.00,1
304,4,664.07,130.73,50.00,150.00,1
304,6,1152.89,237.95,50.00,150.00,1
304,8,577.28,122.71,50.00,150.00,1
305,1,779.88,139.66,50.00,150.00,1
305,2,722.50,143.86,50.00,150.00,1
305,4,663.95,130.65,50.00,150.00,1
305,6,1152.89,237.95,50.00,150.00,1
305,8,577.37,122.65,50.00,150.00,1
306,1,779.43,139.55,50.00,150.00,1
306,2,722.14,143.71,50.00,150.00,1
306,4,663.83,130.56,50.00,150.00,1
306,6,1152.89,237.95,50.00,150.00,1
306,8,577.46,122.58,50.00,150.00,1
307,1,778.99,139.43,50.00,150.00,1
307,2,721.78,143.55,50.00,150.00,1
307,4,663.71,130.48,50.00,150.00,1
307,6,1152.89,237.95,50.00,150.00,1
307,8,577.56,122.52,50.00,150.00,1
308,1,778.54,139.32,50.00,150.00,1
308,2,721.42,143.40,50.00,150.00,1
308,4,663.59,130.40,50.00,150.00,1
308,6,1152.88,237.95,50.00,150.00,1
308,8,577.65,122.46,50.00,150.00,1
309,1,778.10,139.20,50.00,150.00,1
309,2,721.07,143.24,50.00,150.00,1
309,4,663.47,130.32,50.00,150.00,1
309,6,1152.88,237.95,50.00,150.00,1
309,8,577.74,122.40,50.00,150.00,1
310,1,777.66,139.09,50.00,150.00,1
310,2,720.72,143.09,50.00,150.00,1
310,4,663.35,130.23,50.00,150.00,1
310,6,1152.88,237.95,50.00,150.00,1
310,8,577.83,122.33,50.00,150.00,1
311,1,777.22,138.98,50.00,150.00,1
311,2,720.37,142.94,50.00,150.00,1
311,4,663.23,130.15,50.00,150.00,1
311,6,1152.88,237.95,50.00,150.00,1
311,8,577.92,122.27,50.00,150.00,1
312,1,776.79,138.87,50.00,150.00,1
312,2,720.03,142.79,50.00,150.00,1
312,4,663.11,130.07,50.00,150.00,1
312,6,1152.87,237.95,50.00,150.00,1
312,8,578.01,122.21,50.00,150.00,1
313,1,776.35,138.75,50.00,150.00,1
313,2,719.68,142.64,50.00,150.00,1
313,4,662.99,129.99,50.00,150.00,1
313,6,1152.87,237.95,50.00,150.00,1
313,8,578.10,122.15,50.00,150.00,1
314,1,775.92,138.64,50.00,150.00,1
314,2,719.34,142.49,50.00,150.00,1
314,4,662.87,129.91,50.00,150.00,1
314,6,1152.87,237.95,50.00,150.00,1
314,8,578.19,122.09,50.00,150.00,1
315,1,775.49,138.53,50.00,150.00,1
315,2,719.00,142.34,50.00,150.00,1
315,4,662.76,129.83,50.00,150.00,1
315,6,1152.87,237.95,50.00,150.00,1
315,8,578.28,122.03,50.00,150.00,1
316,1,775.07,138.42,50.00,150.00,1
316,2,718.66,142.20,50.00,150.00,1
316,4,662.64,129.75,50.00,150.00,1
316,6,1152.86,237.95,50.00,150.00,1
316,8,578.37,121.97,50.00,150.00,1
317,1,774.64,138.31,50.00,150.00,1
317,2,718.33,142.05,50.00,150.00,1
317,4,662.53,129.67,50.00,150.00,1
317,6,1152.86,237.95,50.00,150.00,1
317,8,578.46,121.91,50.00,150.00,1
318,1,774.22,138.20,50.00,150.00,1
318,2,718.00,141.91,50.00,150.00,1
318,4,662.41,129.59,50.00,150.00,1
318,6,1152.86,237.94,50.00,150.00,1
318,8,578.54,121.85,50.00,150.00,1
319,1,773.80,138.10,50.00,150.00,1
319,2,717.67,141.76,50.00,150.00,1
319,4,662.30,129.52,50.00,150.00,1
319,6,1152.86,237.94,50.00,150.00,1
319,8,578.63,121.79,50.00,150.00,1
320,1,773.39,137.99,50.00,150.00,1
320,2,717.34,141.62,50.00,150.00,1
320,4,662.18,129.44,50.00,150.00,1
320,6,1152.86,237.94,50.00,150.00,1
320,8,578.72,121.73,50.00,150.00,1
321,1,772.97,137.88,50.00,150.00,1
321,2,717.01,141.48,50.00,150.00,1
321,4,662.07,129.36,50.00,150.00,1
321,6,1152.85,237.94,50.00,150.00,1
321,8,578.80,121.68,50.00,150.00,1
322,1,772.56,137.78,50.00,150.00,1
322,2,716.69,141.34,50.00,150.00,1
322,4,661.96,129.28,50.00,150.00,1
322,6,1152.85,237.94,50.00,150.00,1
322,8,578.89,121.62,50.00,150.00,1
323,1,772.15,137.67,50.00,150.00,1
323,2,716.36,141.20,50.00,150.00,1
323,4,661.85,129.21,50.00,150.00,1
323,6,1152.85,237.94,50.00,150.00,1
323,8,578.98,121.56,50.00,150.00,1
324,1,771.74,137.56,50.00,150.00,1
324,2,716.04,141.06,50.00,150.00,1
324,4,661.73,129.13,50.00,150.00,1
324,6,1152.85,237.94,50.00,150.00,1
324,8,579.06,121.50,50.00,150.00,1
325,1,771.33,137.46,50.00,150.00,1
325,2,715.72,140.92,50.00,150.00,1
325,4,661.62,129.05,50.00,150.00,1
325,6,1152.84,237.94,50.00,150.00,1
325,8,579.15,121.44,50.00,150.00,1
326,1,771.33,137.46,50.00,150.00,1
326,2,715.72,140.92,50.00,150.00,1
326,4,661.62,129.05,50.00,150.00,1
326,6,1152.84,237.94,50.00,150.00,1
326,8,579.15,121.44,50.00,150.00,1
327,1,770.53,137.25,50.00,150.00,1
327,2,715.09,140.65,50.00,150.00,1
327,4,661.40,128.90,50.00,150.00,1
327,6,1152.84,237.94,50.00,150.00,1
327,8,579.31,121.33,50.00,150.00,1
328,1,770.13,137.15,50.00,150.00,1
328,2,714.78,140.51,50.00,150.00,1
328,4,661.29,128.83,50.00,150.00,1
328,6,1152.83,237.94,50.00,150.00,1
328,8,579.40,121.27,50.00,150.00,1
329,1,769.73,137.05,50.00,150.00,1
329,2,714.47,140.37,50.00,150.00,1
329,4,661.18,128.75,50.00,150.00,1
329,6,1152.83,237.94,50.00,150.00,1
329,8,579.48,121.22,50.00,150.00,1
330,1,769.33,136.94,50.00,150.00,1
330,2,714.16,140.24,50.00,150.00,1
330,4,661.08,128.68,50.00,150.00,1
330,6,1152.83,237.94,50.00,150.00,1
330,8,579.56,121.16,50.00,150.00,1
331,1,768.94,136.84,50.00,150.00,1
331,2,713.86,140.11,50.00,150.00,1
331,4,660.97,128.61,50.00,150.00,1
331,6,1152.83,237.94,50.00,150.00,1
331,8,579.65,121.10,50.00,150.00,1
332,1,768.55,136.74,50.00,150.00,1
332,2,713.55,139.97,50.00,150.00,1
332,4,660.86,128.53,50.00,150.00,1
332,6,1152.82,237.94,50.00,150.00,1
332,8,579.73,121.05,50.00,150.00,1
333,1,768.16,136.64,50.00,150.00,1
333,2,713.25,139.84,50.00,150.00,1
333,4,660.75,128.46,50.00,150.00,1
333,6,1152.82,237.93,50.00,150.00,1
333,8,579.81,120.99,50.00,150.00,1
334,1,767.77,136.54,50.00,150.00,1
334,2,712.95,139.71,50.00,150.00,1
334,4,660.65,128.39,50.00,150.00,1
334,6,1152.82,237.93,50.00,150.00,1
334,8,579.89,120.94,50.00,150.00,1
335,1,767.38,136.44,50.00,150.00,1
335,2,712.65,139.58,50.00,150.00,1
335,4,660.54,128.31,50.00,150.00,1
335,6,1152.82,237.93,50.00,150.00,1
335,8,579.97,120.88,50.00,150.00,1
336,1,767.00,136.34,50.00,150.00,1
336,2,712.35,139.45,50.00,150.00,1
336,4,660.44,128.24,50.00,150.00,1
336,6,1152.82,237.93,50.00,150.00,1
336,8,580.05,120.83,50.00,150.00,1
337,1,766.62,136.24,50.00,150.00,1
337,2,712.06,139.33,50.00,150.00,1
337,4,660.33,128.17,50.00,150.00,1
337,6,1152.81,237.93,50.00,150.00,1
337,8,580.13,120.78,50.00,150.00,1
338,1,766.23,136.15,50.00,150.00,1
338,2,711.76,139.20,50.00,150.00,1
338,4,660.23,128.10,50.00,150.00,1
338,6,1152.81,237.93,50.00,150.00,1
338,8,580.21,120.72,50.00,150.00,1
339,1,765.86,136.05,50.00,150.00,1
339,2,711.47,139.07,50.00,150.00,1
339,4,660.12,128.03,50.00,150.00,1
339,6,1152.81,237.93,50.00,150.00,1
339,8,580.29,120.67,50.00,150.00,1
340,1,765.48,135.95,50.00,150.00,1
340,2,711.18,138.94,50.00,150.00,1
340,4,660.02,127.96,50.00,150.00,1
340,6,1152.81,237.93,50.00,150.00,1
340,8,580.37,120.61,50.00,150.00,1
341,1,765.11,135.85,50.00,150.00,1
341,2,710.89,138.82,50.00,150.00,1
341,4,659.92,127.89,50.00,150.00,1
341,6,1152.80,237.93,50.00,150.00,1
341,8,580.45,120.56,50.00,150.00,1
342,1,764.73,135.76,50.00,150.00,1
342,2,710.61,138.69,50.00,150.00,1
342,4,659.81,127.82,50.00,150.00,1
342,6,1152.80,237.93,50.00,150.00,1
342,8,580.53,120.51,50.00,150.00,1
343,1,764.36,135.66,50.00,150.00,1
343,2,710.32,138.57,50.00,150.00,1
343,4,659.71,127.75,50.00,150.00,1
343,6,1152.80,237.93,50.00,150.00,1
343,8,580.61,120.45,50.00,150.00,1
344,1,763.99,135.57,50.00,150.00,1
344,2,710.04,138.45,50.00,150.00,1
344,4,659.61,127.68,50.00,150.00,1
344,6,1152.80,237.93,50.00,150.00,1
344,8,580.68,120.40,50.00,150.00,1
345,1,763.63,135.47,50.00,150.00,1
345,2,709.76,138.33,50.00,150.00,1
345,4,659.51,127.61,50.00,150.00,1
345,6,1152.79,237.93,50.00,150.00,1
345,8,580.76,120.35,50.00,150.00,1
346,1,763.26,135.38,50.00,150.00,1
346,2,709.48,138.20,50.00,150.00,1
346,4,659.41,127.54,50.00,150.00,1
346,6,1152.79,237.93,50.00,150.00,1
346,8,580.84,120.30,50.00,150.00,1
347,1,762.90,135.28,50.00,150.00,1
347,2,709.20,138.08,50.00,150.00,1
347,4,659.31,127.47,50.00,150.00,1
347,6,1152.79,237.93,50.00,150.00,1
347,8,580.91,120.25,50.00,150.00,1
348,1,762.53,135.19,50.00,150.00,1
348,2,708.92,137.96,50.00,150.00,1
348,4,659.21,127.40,50.00,150.00,1
348,6,1152.79,237.93,50.00,150.00,1
348,8,580.99,120.19,50.00,150.00,1
349,1,762.17,135.10,50.00,150.00,1
349,2,708.65,137.84,50.00,150.00,1
349,4,659.11,127.33,50.00,150.00,1
349,6,1152.78,237.92,50.00,150.00,1
349,8,581.07,120.14,50.00,150.00,1
350,1,761.82,135.01,50.00,150.00,1
350,2,708.37,137.72,50.00,150.00,1
350,4,659.01,127.27,50.00,150.00,1
350,6,1152.78,237.92,50.00,150.00,1
350,8,581.14,120.09,50.00,150.00,1
351,1,761.46,134.91,50.00,150.00,1
351,2,708.10,137.61,50.00,150.00,1
351,4,658.91,127.20,50.00,150.00,1
351,6,1152.78,237.92,50.00,150.00,1
351,8,581.22,120.04,50.00,150.00,1
352,1,761.10,134.82,50.00,150.00,1
352,2,707.83,137.49,50.00,150.00,1
352,4,658.81,127.13,50.00,150.00,1
352,6,1152.78,237.92,50.00,150.00,1
352,8,581.29,119.99,50.00,150.00,1
353,1,760.75,134.73,50.00,150.00,1
353,2,707.56,137.37,50.00,150.00,1
353,4,658.71,127.06,50.00,150.00,1
353,6,1152.77,237.92,50.00,150.00,1
353,8,581.37,119.94,50.00,150.00,1
354,1,760.40,134.64,50.00,150.00,1
354,2,707.29,137.26,50.00,150.00,1
354,4,658.62,127.00,50.00,150.00,1
354,6,1152.77,237.92,50.00,150.00,1
354,8,581.44,119.89,50.00,150.00,1
355,1,760.05,134.55,50.00,150.00,1
355,2,707.03,137.14,50.00,150.00,1
355,4,658.52,126.93,50.00,150.00,1
355,6,1152.77,237.92,50.00,150.00,1
355,8,581.52,119.84,50.00,150.00,1
356,1,759.70,134.46,50.00,150.00,1
356,2,706.76,137.03,50.00,150.00,1
356,4,658.42,126.87,50.00,150.00,1
356,6,1152.77,237.92,50.00,150.00,1
356,8,581.59,119.79,50.00,150.00,1
357,1,759.36,134.37,50.00,150.00,1
357,2,706.50,136.91,50.00,150.00,1
357,4,658.33,126.80,50.00,150.00,1
357,6,1152.76,237.92,50.00,150.00,1
357,8,581.66,119.74,50.00,150.00,1
358,1,759.01,134.28,50.00,150.00,1
358,2,706.24,136.80,50.00,150.00,1
358,4,658.23,126.73,50.00,150.00,1
358,6,1152.76,237.92,50.00,150.00,1
358,8,581.74,119.69,50.00,150.00,1
359,1,758.67,134.19,50.00,150.00,1
359,2,705.98,136.69,50.00,150.00,1
359,4,658.14,126.67,50.00,150.00,1
359,6,1152.76,237.92,50.00,150.00,1
359,8,581.81,119.64,50.00,150.00,1
360,1,757.99,134.02,50.00,150.00,1
360,2,705.47,136.46,50.00,150.00,1
360,4,657.95,126.54,50.00,150.00,1
360,6,1152.75,237.92,50.00,150.00,1
360,8,581.95,119.54,50.00,150.00,1
361,1,757.99,134.02,50.00,150.00,1
361,2,705.47,136.46,50.00,150.00,1
361,4,657.95,126.54,50.00,150.00,1
361,6,1152.75,237.92,50.00,150.00,1
361,8,581.95,119.54,50.00,150.00,1
362,1,757.65,133.93,50.00,150.00,1
362,2,705.21,136.35,50.00,150.00,1
362,4,657.85,126.48,50.00,150.00,1
362,6,1152.75,237.92,50.00,150.00,1
362,8,582.02,119.49,50.00,150.00,1
363,1,757.31,133.84,50.00,150.00,1
363,2,704.96,136.24,50.00,150.00,1
363,4,657.76,126.41,50.00,150.00,1
363,6,1152.75,237.92,50.00,150.00,1
363,8,582.10,119.45,50.00,150.00,1
364,1,756.98,133.76,50.00,150.00,1
364,2,704.71,136.13,50.00,150.00,1
364,4,657.67,126.35,50.00,150.00,1
364,6,1152.75,237.91,50.00,150.00,1
364,8,582.17,119.40,50.00,150.00,1
365,1,756.64,133.67,50.00,150.00,1
365,2,704.45,136.02,50.00,150.00,1
365,4,657.58,126.29,50.00,150.00,1
365,6,1152.74,237.91,50.00,150.00,1
365,8,582.24,119.35,50.00,150.00,1
366,1,756.31,133.59,50.00,150.00,1
366,2,704.21,135.91,50.00,150.00,1
366,4,657.48,126.22,50.00,150.00,1
366,6,1152.74,237.91,50.00,150.00,1
366,8,582.31,119.30,50.00,150.00,1
367,1,755.98,133.50,50.00,150.00,1
367,2,703.96,135.81,50.00,150.00,1
367,4,657.39,126.16,50.00,150.00,1
367,6,1152.74,237.91,50.00,150.00,1
367,8,582.38,119.25,50.00,150.00,1
368,1,755.65,133.42,50.00,150.00,1
368,2,703.71,135.70,50.00,150.00,1
368,4,657.30,126.10,50.00,150.00,1
368,6,1152.74,237.91,50.00,150.00,1
368,8,582.45,119.21,50.00,150.00,1
369,1,755.32,133.33,50.00,150.00,1
369,2,703.46,135.59,50.00,150.00,1
369,4,657.21,126.03,50.00,150.00,1
369,6,1152.73,237.91,50.00,150.00,1
369,8,582.52,119.16,50.00,150.00,1
370,1,755.00,133.25,50.00,150.00,1
370,2,703.22,135.49,50.00,150.00,1
370,4,657.12,125.97,50.00,150.00,1
370,6,1152.73,237.91,50.00,150.00,1
370,8,582.59,119.11,50.00,150.00,1
371,1,754.67,133.16,50.00,150.00,1
371,2,702.98,135.38,50.00,150.00,1
371,4,657.03,125.91,50.00,150.00,1
371,6,1152.73,237.91,50.00,150.00,1
371,8,582.66,119.07,50.00,150.00,1
372,1,754.35,133.08,50.00,150.00,1
372,2,702.74,135.28,50.00,150.00,1
372,4,656.94,125.85,50.00,150.00,1
372,6,1152.73,237.91,50.00,150.00,1
372,8,582.72,119.02,50.00,150.00,1
373,1,754.03,133.00,50.00,150.00,1
373,2,702.50,135.17,50.00,150.00,1
373,4,656.85,125.79,50.00,150.00,1
373,6,1152.72,237.91,50.00,150.00,1
373,8,582.79,118.97,50.00,150.00,1
374,1,753.71,132.92,50.00,150.00,1
374,2,702.26,135.07,50.00,150.00,1
374,4,656.76,125.73,50.00,150.00,1
374,6,1152.72,237.91,50.00,150.00,1
374,8,582.86,118.93,50.00,150.00,1
375,1,753.39,132.83,50.00,150.00,1
375,2,702.02,134.96,50.00,150.00,1
375,4,656.67,125.67,50.00,150.00,1
375,6,1152.72,237.91,50.00,150.00,1
375,8,582.93,118.88,50.00,150.00,1
376,1,753.07,132.75,50.00,150.00,1
376,2,701.78,134.86,50.00,150.00,1
376,4,656.58,125.61,50.00,150.00,1
376,6,1152.72,237.91,50.00,150.00,1
376,8,583.00,118.84,50.00,150.00,1
377,1,752.76,132.67,50.00,150.00,1
377,2,701.55,134.76,50.00,150.00,1
377,4,656.50,125.55,50.00,150.00,1
377,6,1152.71,237.91,50.00,150.00,1
377,8,583.06,118.79,50.00,150.00,1
378,1,752.45,132.59,50.00,150.00,1
378,2,701.32,134.66,50.00,150.00,1
378,4,656.41,125.49,50.00,150.00,1
378,6,1152.71,237.91,50.00,150.00,1
378,8,583.13,118.74,50.00,150.00,1
379,1,752.13,132.51,50.00,150.00,1
379,2,701.08,134.56,50.00,150.00,1
379,4,656.32,125.43,50.00,150.00,1
379,6,1152.71,237.91,50.00,150.00,1
379,8,583.20,118.70,50.00,150.00,1
380,1,751.82,132.43,50.00,150.00,1
380,2,700.85,134.46,50.00,150.00,1
380,4,656.23,125.37,50.00,150.00,1
380,6,1152.71,237.90,50.00,150.00,1
380,8,583.26,118.65,50.00,150.00,1
381,1,751.51,132.35,50.00,150.00,1
381,2,700.62,134.36,50.00,150.00,1
381,4,656.15,125.31,50.00,150.00,1
381,6,1152.71,237.90,50.00,150.00,1
381,8,583.33,118.61,50.00,150.00,1
382,1,751.20,132.27,50.00,150.00,1
382,2,700.39,134.26,50.00,150.00,1
382,4,656.06,125.25,50.00,150.00,1
382,6,1152.70,237.90,50.00,150.00,1
382,8,583.40,118.56,50.00,150.00,1
383,1,750.90,132.19,50.00,150.00,1
383,2,700.17,134.16,50.00,150.00,1
383,4,655.98,125.19,50.00,150.00,1
383,6,1152.70,237.90,50.00,150.00,1
383,8,583.46,118.52,50.00,150.00,1
384,1,750.59,132.11,50.00,150.00,1
384,2,699.94,134.06,50.00,150.00,1
384,4,655.89,125.13,50.00,150.00,1
384,6,1152.70,237.90,50.00,150.00,1
384,8,583.53,118.48,50.00,150.00,1
385,1,750.29,132.03,50.00,150.00,1
385,2,699.72,133.96,50.00,150.00,1
385,4,655.80,125.07,50.00,150.00,1
385,6,1152.69,237.90,50.00,150.00,1
385,8,583.59,118.43,50.00,150.00,1
386,1,749.98,131.96,50.00,150.00,1
386,2,699.49,133.87,50.00,150.00,1
386,4,655.72,125.02,50.00,150.00,1
386,6,1152.69,237.90,50.00,150.00,1
386,8,583.66,118.39,50.00,150.00,1
387,1,749.68,131.88,50.00,150.00,1
387,2,699.27,133.77,50.00,150.00,1
387,4,655.64,124.96,50.00,150.00,1
387,6,1152.69,237.90,50.00,150.00,1
387,8,583.72,118.34,50.00,150.00,1
388,1,749.38,131.80,50.00,150.00,1
388,2,699.05,133.67,50.00,150.00,1
388,4,655.55,124.90,50.00,150.00,1
388,6,1152.69,237.90,50.00,150.00,1
388,8,583.79,118.30,50.00,150.00,1
389,1,749.08,131.72,50.00,150.00,1
389,2,698.83,133.58,50.00,150.00,1
389,4,655.47,124.84,50.00,150.00,1
389,6,1152.68,237.90,50.00,150.00,1
389,8,583.85,118.26,50.00,150.00,1
390,1,748.79,131.65,50.00,150.00,1
390,2,698.61,133.48,50.00,150.00,1
390,4,655.38,124.79,50.00,150.00,1
390,6,1152.68,237.90,50.00,150.00,1
390,8,583.91,118.21,50.00,150.00,1
391,1,748.49,131.57,50.00,150.00,1
391,2,698.39,133.39,50.00,150.00,1
391,4,655.30,124.73,50.00,150.00,1
391,6,1152.68,237.90,50.00,150.00,1
391,8,583.98,118.17,50.00,150.00,1
392,1,748.19,131.49,50.00,150.00,1
392,2,698.17,133.29,50.00,150.00,1
392,4,655.22,124.67,50.00,150.00,1
392,6,1152.68,237.90,50.00,150.00,1
392,8,584.04,118.13,50.00,150.00,1
393,1,747.90,131.42,50.00,150.00,1
393,2,697.96,133.20,50.00,150.00,1
393,4,655.14,124.62,50.00,150.00,1
393,6,1152.67,237.90,50.00,150.00,1
393,8,584.10,118.09,50.00,150.00,1
394,1,747.61,131.34,50.00,150.00,1
394,2,697.74,133.11,50.00,150.00,1
394,4,655.05,124.56,50.00,150.00,1
394,6,1152.67,237.90,50.00,150.00,1
394,8,584.17,118.04,50.00,150.00,1
395,1,747.32,131.27,50.00,150.00,1
395,2,697.53,133.01,50.00,150.00,1
395,4,654.97,124.50,50.00,150.00,1
395,6,1152.67,237.89,50.00,150.00,1
395,8,584.23,118.00,50.00,150.00,1
396,1,747.03,131.19,50.00,150.00,1
396,2,697.32,132.92,50.00,150.00,1
396,4,654.89,124.45,50.00,150.00,1
396,6,1152.67,237.89,50.00,150.00,1
396,8,584.29,117.96,50.00,150.00,1
397,1,746.74,131.12,50.00,150.00,1
397,2,697.11,132.83,50.00,150.00,1
397,4,654.81,124.39,50.00,150.00,1
397,6,1152.67,237.89,50.00,150.00,1
397,8,584.35,117.92,50.00,150.00,1
398,1,746.45,131.04,50.00,150.00,1
398,2,696.89,132.74,50.00,150.00,1
398,4,654.73,124.34,50.00,150.00,1
398,6,1152.66,237.89,50.00,150.00,1
398,8,584.41,117.88,50.00,150.00,1
399,1,746.17,130.97,50.00,150.00,1
399,2,696.69,132.65,50.00,150.00,1
399,4,654.65,124.28,50.00,150.00,1
399,6,1152.66,237.89,50.00,150.00,1
399,8,584.47,117.83,50.00,150.00,1
400,1,745.88,130.90,50.00,150.00,1
400,2,696.48,132.56,50.00,150.00,1
400,4,654.57,124.23,50.00,150.00,1
400,6,1152.66,237.89,50.00,150.00,1
400,8,584.54,117.79,50.00,150.00,1
401,1,745.60,130.82,50.00,150.00,1
401,2,696.27,132.47,50.00,150.00,1
401,4,654.49,124.17,50.00,150.00,1
401,6,1152.66,237.89,50.00,150.00,1
401,8,584.60,117.75,50.00,150.00,1
402,1,745.32,130.75,50.00,150.00,1
402,2,696.06,132.38,50.00,150.00,1
402,4,654.41,124.12,50.00,150.00,1
402,6,1152.65,237.89,50.00,150.00,1
402,8,584.66,117.71,50.00,150.00,1
403,1,745.03,130.68,50.00,150.00,1
403,2,695.86,132.29,50.00,150.00,1
403,4,654.33,124.07,50.00,150.00,1
403,6,1152.65,237.89,50.00,150.00,1
403,8,584.72,117.67,50.00,150.00,1
404,1,744.76,130.61,50.00,150.00,1
404,2,695.66,132.20,50.00,150.00,1
404,4,654.25,124.01,50.00,150.00,1
404,6,1152.65,237.89,50.00,150.00,1
404,8,584.78,117.63,50.00,150.00,1
405,1,744.48,130.54,50.00,150.00,1
405,2,695.45,132.11,50.00,150.00,1
405,4,654.17,123.96,50.00,150.00,1
405,6,1152.65,237.89,50.00,150.00,1
405,8,584.84,117.59,50.00,150.00,1
406,1,744.20,130.46,50.00,150.00,1
406,2,695.25,132.02,50.00,150.00,1
406,4,654.10,123.90,50.00,150.00,1
406,6,1152.64,237.89,50.00,150.00,1
406,8,584.90,117.55,50.00,150.00,1
407,1,743.92,130.39,50.00,150.00,1
407,2,695.05,131.94,50.00,150.00,1
407,4,654.02,123.85,50.00,150.00,1
407,6,1152.64,237.89,50.00,150.00,1
407,8,584.96,117.51,50.00,150.00,1
408,1,743.65,130.32,50.00,150.00,1
408,2,694.85,131.85,50.00,150.00,1
408,4,653.94,123.80,50.00,150.00,1
408,6,1152.64,237.89,50.00,150.00,1
408,8,585.02,117.47,50.00,150.00,1
409,1,743.37,130.25,50.00,150.00,1
409,2,694.65,131.76,50.00,150.00,1
409,4,653.86,123.75,50.00,150.00,1
409,6,1152.64,237.89,50.00,150.00,1
409,8,585.08,117.43,50.00,150.00,1
410,1,743.37,130.25,50.00,150.00,1
410,2,694.65,131.76,50.00,150.00,1
410,4,653.86,123.75,50.00,150.00,1
410,6,1152.64,237.89,50.00,150.00,1
410,8,585.08,117.43,50.00,150.00,1
411,1,742.83,130.11,50.00,150.00,1
411,2,694.26,131.59,50.00,150.00,1
411,4,653.71,123.64,50.00,150.00,1
411,6,1152.63,237.88,50.00,150.00,1
411,8,585.19,117.35,50.00,150.00,1
412,1,742.56,130.04,50.00,150.00,1
412,2,694.06,131.51,50.00,150.00,1
412,4,653.63,123.59,50.00,150.00,1
412,6,1152.63,237.88,50.00,150.00,1
412,8,585.25,117.31,50.00,150.00,1
413,1,742.29,129.97,50.00,150.00,1
413,2,693.87,131.42,50.00,150.00,1
413,4,653.56,123.54,50.00,150.00,1
413,6,1152.63,237.88,50.00,150.00,1
413,8,585.31,117.27,50.00,150.00,1
414,1,742.02,129.90,50.00,150.00,1
414,2,693.67,131.34,50.00,150.00,1
414,4,653.48,123.48,50.00,150.00,1
414,6,1152.62,237.88,50.00,150.00,1
414,8,585.37,117.23,50.00,150.00,1
415,1,741.75,129.83,50.00,150.00,1
415,2,693.48,131.25,50.00,150.00,1
415,4,653.41,123.43,50.00,150.00,1
415,6,1152.62,237.88,50.00,150.00,1
415,8,585.43,117.19,50.00,150.00,1
416,1,741.49,129.76,50.00,150.00,1
416,2,693.29,131.17,50.00,150.00,1
416,4,653.33,123.38,50.00,150.00,1
416,6,1152.62,237.88,50.00,150.00,1
416,8,585.48,117.15,50.00,150.00,1
417,1,741.22,129.70,50.00,150.00,1
417,2,693.10,131.09,50.00,150.00,1
417,4,653.26,123.33,50.00,150.00,1
417,6,1152.62,237.88,50.00,150.00,1
417,8,585.54,117.11,50.00,150.00,1
418,1,740.96,129.63,50.00,150.00,1
418,2,692.90,131.00,50.00,150.00,1
418,4,653.18,123.28,50.00,150.00,1
418,6,1152.61,237.88,50.00,150.00,1
418,8,585.60,117.07,50.00,150.00,1
419,1,740.70,129.56,50.00,150.00,1
419,2,692.72,130.92,50.00,150.00,1
419,4,653.11,123.23,50.00,150.00,1
419,6,1152.61,237.88,50.00,150.00,1
419,8,585.65,117.04,50.00,150.00,1
420,1,740.44,129.49,50.00,150.00,1
420,2,692.53,130.84,50.00,150.00,1
420,4,653.04,123.18,50.00,150.00,1
420,6,1152.61,237.88,50.00,150.00,1
420,8,585.71,117.00,50.00,150.00,1
421,1,740.18,129.43,50.00,150.00,1
421,2,692.34,130.76,50.00,150.00,1
421,4,652.96,123.13,50.00,150.00,1
421,6,1152.61,237.88,50.00,150.00,1
421,8,585.77,116.96,50.00,150.00,1
422,1,739.92,129.36,50.00,150.00,1
422,2,692.15,130.68,50.00,150.00,1
422,4,652.89,123.08,50.00,150.00,1
422,6,1152.60,237.88,50.00,150.00,1
422,8,585.82,116.92,50.00,150.00,1
423,1,739.66,129.29,50.00,150.00,1
423,2,691.97,130.60,50.00,150.00,1
423,4,652.82,123.03,50.00,150.00,1
423,6,1152.60,237.88,50.00,150.00,1
423,8,585.88,116.88,50.00,150.00,1
424,1,739.40,129.23,50.00,150.00,1
424,2,691.78,130.52,50.00,150.00,1
424,4,652.74,122.98,50.00,150.00,1
424,6,1152.60,237.88,50.00,150.00,1
424,8,585.93,116.84,50.00,150.00,1
425,1,739.14,129.16,50.00,150.00,1
425,2,691.60,130.44,50.00,150.00,1
425,4,652.67,122.93,50.00,150.00,1
425,6,1152.60,237.88,50.00,150.00,1
425,8,585.99,116.81,50.00,150.00,1
426,1,738.89,129.09,50.00,150.00,1
426,2,691.42,130.36,50.00,150.00,1
426,4,652.60,122.88,50.00,150.00,1
426,6,1152.59,237.87,50.00,150.00,1
426,8,586.04,116.77,50.00,150.00,1
427,1,738.64,129.03,50.00,150.00,1
427,2,691.23,130.28,50.00,150.00,1
427,4,652.53,122.83,50.00,150.00,1
427,6,1152.59,237.87,50.00,150.00,1
427,8,586.10,116.73,50.00,150.00,1
428,1,738.38,128.96,50.00,150.00,1
428,2,691.05,130.20,50.00,150.00,1
428,4,652.45,122.78,50.00,150.00,1
428,6,1152.59,237.87,50.00,150.00,1
428,8,586.15,116.70,50.00,150.00,1
429,1,738.13,128.90,50.00,150.00,1
429,2,690.87,130.12,50.00,150.00,1
429,4,652.38,122.73,50.00,150.00,1
429,6,1152.59,237.87,50.00,150.00,1
429,8,586.21,116.66,50.00,150.00,1
430,1,737.88,128.83,50.00,150.00,1
430,2,690.69,130.04,50.00,150.00,1
430,4,652.31,122.68,50.00,150.00,1
430,6,1152.58,237.87,50.00,150.00,1
430,8,586.26,116.62,50.00,150.00,1
431,1,737.63,128.77,50.00,150.00,1
431,2,690.51,129.96,50.00,150.00,1
431,4,652.24,122.63,50.00,150.00,1
431,6,1152.58,237.87,50.00,150.00,1
431,8,586.32,116.58,50.00,150.00,1
432,1,737.38,128.71,50.00,150.00,1
432,2,690.34,129.89,50.00,150.00,1
432,4,652.17,122.59,50.00,150.00,1
432,6,1152.58,237.87,50.00,150.00,1
432,8,586.37,116.55,50.00,150.00,1
433,1,737.13,128.64,50.00,150.00,1
433,2,690.16,129.81,50.00,150.00,1
433,4,652.10,122.54,50.00,150.00,1
433,6,1152.58,237.87,50.00,150.00,1
433,8,586.43,116.51,50.00,150.00,1
434,1,736.89,128.58,50.00,150.00,1
434,2,689.98,129.73,50.00,150.00,1
434,4,652.03,122.49,50.00,150.00,1
434,6,1152.57,237.87,50.00,150.00,1
434,8,586.48,116.48,50.00,150.00,1
435,1,736.64,128.51,50.00,150.00,1
435,2,689.81,129.66,50.00,150.00,1
435,4,651.96,122.44,50.00,150.00,1
435,6,1152.57,237.87,50.00,150.00,1
435,8,586.53,116.44,50.00,150.00,1
436,1,736.40,128.45,50.00,150.00,1
436,2,689.63,129.58,50.00,150.00,1
436,4,651.89,122.39,50.00,150.00,1
436,6,1152.57,237.87,50.00,150.00,1
436,8,586.59,116.40,50.00,150.00,1
437,1,736.15,128.39,50.00,150.00,1
437,2,689.46,129.51,50.00,150.00,1
437,4,651.82,122.35,50.00,150.00,1
437,6,1152.57,237.87,50.00,150.00,1
437,8,586.64,116.37,50.00,150.00,1
438,1,735.91,128.33,50.00,150.00,1
438,2,689.29,129.43,50.00,150.00,1
438,4,651.75,122.30,50.00,150.00,1
438,6,1152.56,237.87,50.00,150.00,1
438,8,586.69,116.33,50.00,150.00,1
439,1,735.67,128.26,50.00,150.00,1
439,2,689.11,129.36,50.00,150.00,1
439,4,651.68,122.25,50.00,150.00,1
439,6,1152.56,237.87,50.00,150.00,1
439,8,586.74,116.30,50.00,150.00,1
440,1,735.43,128.20,50.00,150.00,1
440,2,688.94,129.28,50.00,150.00,1
440,4,651.62,122.21,50.00,150.00,1
440,6,1152.56,237.87,50.00,150.00,1
440,8,586.80,116.26,50.00,150.00,1
441,1,735.19,128.14,50.00,150.00,1
441,2,688.77,129.21,50.00,150.00,1
441,4,651.55,122.16,50.00,150.00,1
441,6,1152.56,237.87,50.00,150.00,1
441,8,586.85,116.22,50.00,150.00,1
442,1,734.95,128.08,50.00,150.00,1
442,2,688.60,129.13,50.00,150.00,1
442,4,651.48,122.11,50.00,150.00,1
442,6,1152.56,237.86,50.00,150.00,1
442,8,586.90,116.19,50.00,150.00,1
443,1,734.71,128.02,50.00,150.00,1
443,2,688.43,129.06,50.00,150.00,1
443,4,651.41,122.07,50.00,150.00,1
443,6,1152.55,237.86,50.00,150.00,1
443,8,586.95,116.15,50.00,150.00,1
444,1,734.47,127.96,50.00,150.00,1
444,2,688.26,128.99,50.00,150.00,1
444,4,651.34,122.02,50.00,150.00,1
444,6,1152.55,237.86,50.00,150.00,1
444,8,587.00,116.12,50.00,150.00,1
445,1,734.23,127.89,50.00,150.00,1
445,2,688.10,128.91,50.00,150.00,1
445,4,651.28,121.97,50.00,150.00,1
445,6,1152.55,237.86,50.00,150.00,1
445,8,587.06,116.08,50.00,150.00,1
446,1,734.00,127.83,50.00,150.00,1
446,2,687.93,128.84,50.00,150.00,1
446,4,651.21,121.93,50.00,150.00,1
446,6,1152.54,237.86,50.00,150.00,1
446,8,587.11,116.05,50.00,150.00,1
447,1,733.77,127.77,50.00,150.00,1
447,2,687.76,128.77,50.00,150.00,1
447,4,651.14,121.88,50.00,150.00,1
447,6,1152.54,237.86,50.00,150.00,1
447,8,587.16,116.02,50.00,150.00,1
448,1,733.53,127.71,50.00,150.00,1
448,2,687.60,128.70,50.00,150.00,1
448,4,651.08,121.84,50.00,150.00,1
448,6,1152.54,237.86,50.00,150.00,1
448,8,587.21,115.98,50.00,150.00,1
449,1,733.30,127.65,50.00,150.00,1
449,2,687.43,128.63,50.00,150.00,1
449,4,651.01,121.79,50.00,150.00,1
449,6,1152.54,237.86,50.00,150.00,1
449,8,587.26,115.95,50.00,150.00,1
450,1,733.07,127.59,50.00,150.00,1
450,2,687.27,128.55,50.00,150.00,1
450,4,650.94,121.75,50.00,150.00,1
450,6,1152.53,237.86,50.00,150.00,1
450,8,587.31,115.91,50.00,150.00,1
451,1,732.84,127.53,50.00,150.00,1
451,2,687.11,128.48,50.00,150.00,1
451,4,650.88,121.70,50.00,150.00,1
451,6,1152.53,237.86,50.00,150.00,1
451,8,587.36,115.88,50.00,150.00,1
452,1,732.61,127.47,50.00,150.00,1
452,2,686.95,128.41,50.00,150.00,1
452,4,650.81,121.66,50.00,150.00,1
452,6,1152.53,237.86,50.00,150.00,1
452,8,587.41,115.84,50.00,150.00,1
453,1,732.38,127.42,50.00,150.00,1
453,2,686.78,128.34,50.00,150.00,1
453,4,650.75,121.61,50.00,150.00,1
453,6,1152.53,237.86,50.00,150.00,1
453,8,587.46,115.81,50.00,150.00,1
454,1,732.15,127.36,50.00,150.00,1
454,2,686.62,128.27,50.00,150.00,1
454,4,650.68,121.57,50.00,150.00,1
454,6,1152.53,237.86,50.00,150.00,1
454,8,587.51,115.78,50.00,150.00,1
455,1,731.92,127.30,50.00,150.00,1
455,2,686.46,128.20,50.00,150.00,1
455,4,650.62,121.52,50.00,150.00,1
455,6,1152.52,237.86,50.00,150.00,1
455,8,587.56,115.74,50.00,150.00,1
456,1,731.70,127.24,50.00,150.00,1
456,2,686.30,128.13,50.00,150.00,1
456,4,650.55,121.48,50.00,150.00,1
456,6,1152.52,237.86,50.00,150.00,1
456,8,587.61,115.71,50.00,150.00,1
457,1,731.47,127.18,50.00,150.00,1
457,2,686.15,128.07,50.00,150.00,1
457,4,650.49,121.44,50.00,150.00,1
457,6,1152.52,237.85,50.00,150.00,1
457,8,587.66,115.68,50.00,150.00,1
458,1,731.25,127.12,50.00,150.00,1
458,2,685.99,128.00,50.00,150.00,1
458,4,650.43,121.39,50.00,150.00,1
458,6,1152.52,237.85,50.00,150.00,1
458,8,587.71,115.64,50.00,150.00,1
459,1,731.02,127.07,50.00,150.00,1
459,2,685.83,127.93,50.00,150.00,1
459,4,650.36,121.35,50.00,150.00,1
459,6,1152.51,237.85,50.00,150.00,1
459,8,587.76,115.61,50.00,150.00,1
460,1,730.80,127.01,50.00,150.00,1
460,2,685.67,127.86,50.00,150.00,1
460,4,650.30,121.30,50.00,150.00,1
460,6,1152.51,237.85,50.00,150.00,1
460,8,587.81,115.58,50.00,150.00,1
461,1,730.58,126.95,50.00,150.00,1
461,2,685.52,127.79,50.00,150.00,1
461,4,650.23,121.26,50.00,150.00,1
461,6,1152.51,237.85,50.00,150.00,1
461,8,587.86,115.54,50.00,150.00,1
462,1,730.36,126.89,50.00,150.00,1
462,2,685.36,127.73,50.00,150.00,1
462,4,650.17,121.22,50.00,150.00,1
462,6,1152.51,237.85,50.00,150.00,1
462,8,587.90,115.51,50.00,150.00,1
463,1,730.14,126.84,50.00,150.00,1
463,2,685.21,127.66,50.00,150.00,1
463,4,650.11,121.18,50.00,150.00,1
463,6,1152.50,237.85,50.00,150.00,1
463,8,587.95,115.48,50.00,150.00,1
464,1,729.92,126.78,50.00,150.00,1
464,2,685.05,127.59,50.00,150.00,1
464,4,650.05,121.13,50.00,150.00,1
464,6,1152.50,237.85,50.00,150.00,1
464,8,588.00,115.45,50.00,150.00,1
465,1,729.70,126.72,50.00,150.00,1
465,2,684.90,127.53,50.00,150.00,1
465,4,649.98,121.09,50.00,150.00,1
465,6,1152.50,237.85,50.00,150.00,1
465,8,588.05,115.41,50.00,150.00,1
466,1,729.48,126.67,50.00,150.00,1
466,2,684.75,127.46,50.00,150.00,1
466,4,649.92,121.05,50.00,150.00,1
466,6,1152.50,237.85,50.00,150.00,1
466,8,588.10,115.38,50.00,150.00,1
467,1,729.26,126.61,50.00,150.00,1
467,2,684.60,127.39,50.00,150.00,1
467,4,649.86,121.00,50.00,150.00,1
467,6,1152.49,237.85,50.00,150.00,1
467,8,588.14,115.35,50.00,150.00,1
468,1,729.05,126.56,50.00,150.00,1
468,2,684.45,127.33,50.00,150.00,1
468,4,649.80,120.96,50.00,150.00,1
468,6,1152.49,237.85,50.00,150.00,1
468,8,588.19,115.32,50.00,150.00,1
469,1,728.83,126.50,50.00,150.00,1
469,2,684.30,127.26,50.00,150.00,1
469,4,649.74,120.92,50.00,150.00,1
469,6,1152.49,237.85,50.00,150.00,1
469,8,588.24,115.28,50.00,150.00,1
470,1,728.62,126.45,50.00,150.00,1
470,2,684.15,127.20,50.00,150.00,1
470,4,649.67,120.88,50.00,150.00,1
470,6,1152.49,237.85,50.00,150.00,1
470,8,588.28,115.25,50.00,150.00,1
471,1,728.40,126.39,50.00,150.00,1
471,2,684.00,127.13,50.00,150.00,1
471,4,649.61,120.84,50.00,150.00,1
471,6,1152.48,237.85,50.00,150.00,1
471,8,588.33,115.22,50.00,150.00,1
472,1,728.19,126.34,50.00,150.00,1
472,2,683.85,127.07,50.00,150.00,1
472,4,649.55,120.79,50.00,150.00,1
472,6,1152.48,237.85,50.00,150.00,1
472,8,588.38,115.19,50.00,150.00,1
473,1,727.98,126.28,50.00,150.00,1
473,2,683.70,127.00,50.00,150.00,1
473,4,649.49,120.75,50.00,150.00,1
473,6,1152.48,237.84,50.00,150.00,1
473,8,588.42,115.16,50.00,150.00,1
474,1,727.77,126.23,50.00,150.00,1
474,2,683.55,126.94,50.00,150.00,1
474,4,649.43,120.71,50.00,150.00,1
474,6,1152.48,237.84,50.00,150.00,1
474,8,588.47,115.13,50.00,150.00,1
475,1,727.56,126.17,50.00,150.00,1
475,2,683.41,126.88,50.00,150.00,1
475,4,649.37,120.67,50.00,150.00,1
475,6,1152.47,237.84,50.00,150.00,1
475,8,588.52,115.09,50.00,150.00,1
476,1,727.35,126.12,50.00,150.00,1
476,2,683.26,126.81,50.00,150.00,1
476,4,649.31,120.63,50.00,150.00,1
476,6,1152.47,237.84,50.00,150.00,1
476,8,588.56,115.06,50.00,150.00,1
477,1,727.14,126.06,50.00,150.00,1
477,2,683.11,126.75,50.00,150.00,1
477,4,649.25,120.59,50.00,150.00,1
477,6,1152.47,237.84,50.00,150.00,1
477,8,588.61,115.03,50.00,150.00,1
478,1,726.93,126.01,50.00,150.00,1
478,2,682.97,126.69,50.00,150.00,1
478,4,649.19,120.55,50.00,150.00,1
478,6,1152.47,237.84,50.00,150.00,1
478,8,588.65,115.00,50.00,150.00,1
479,1,726.72,125.96,50.00,150.00,1
479,2,682.83,126.62,50.00,150.00,1
479,4,649.13,120.51,50.00,150.00,1
479,6,1152.46,237.84,50.00,150.00,1
479,8,588.70,114.97,50.00,150.00,1
480,1,726.52,125.90,50.00,150.00,1
480,2,682.68,126.56,50.00,150.00,1
480,4,649.07,120.47,50.00,150.00,1
480,6,1152.46,237.84,50.00,150.00,1
480,8,588.75,114.94,50.00,150.00,1
481,1,726.31,125.85,50.00,150.00,1
481,2,682.54,126.50,50.00,150.00,1
481,4,649.01,120.43,50.00,150.00,1
481,6,1152.46,237.84,50.00,150.00,1
481,8,588.79,114.91,50.00,150.00,1
482,1,726.11,125.80,50.00,150.00,1
482,2,682.40,126.44,50.00,150.00,1
482,4,648.95,120.38,50.00,150.00,1
482,6,1152.46,237.84,50.00,150.00,1
482,8,588.84,114.88,50.00,150.00,1
483,1,725.90,125.75,50.00,150.00,1
483,2,682.25,126.38,50.00,150.00,1
483,4,648.90,120.34,50.00,150.00,1
483,6,1152.45,237.84,50.00,150.00,1
483,8,588.88,114.85,50.00,150.00,1
484,1,725.70,125.69,50.00,150.00,1
484,2,682.11,126.31,50.00,150.00,1
484,4,648.84,120.30,50.00,150.00,1
484,6,1152.45,237.84,50.00,150.00,1
484,8,588.93,114.82,50.00,150.00,1
485,1,725.49,125.64,50.00,150.00,1
485,2,681.97,126.25,50.00,150.00,1
485,4,648.78,120.26,50.00,150.00,1
485,6,1152.45,237.84,50.00,150.00,1
485,8,588.97,114.79,50.00,150.00,1
486,1,725.29,125.59,50.00,150.00,1
486,2,681.83,126.19,50.00,150.00,1
486,4,648.72,120.23,50.00,150.00,1
486,6,1152.45,237.84,50.00,150.00,1
486,8,589.02,114.76,50.00,150.00,1
487,1,725.09,125.54,50.00,150.00,1
487,2,681.69,126.13,50.00,150.00,1
487,4,648.66,120.19,50.00,150.00,1
487,6,1152.44,237.84,50.00,150.00,1
487,8,589.06,114.73,50.00,150.00,1
488,1,724.89,125.49,50.00,150.00,1
488,2,681.56,126.07,50.00,150.00,1
488,4,648.61,120.15,50.00,150.00,1
488,6,1152.44,237.84,50.00,150.00,1
488,8,589.10,114.70,50.00,150.00,1
489,1,724.69,125.43,50.00,150.00,1
489,2,681.42,126.01,50.00,150.00,1
489,4,648.55,120.11,50.00,150.00,1
489,6,1152.44,237.83,50.00,150.00,1
489,8,589.15,114.67,50.00,150.00,1
490,1,724.49,125.38,50.00,150.00,1
490,2,681.28,125.95,50.00,150.00,1
490,4,648.49,120.07,50.00,150.00,1
490,6,1152.44,237.83,50.00,150.00,1
490,8,589.19,114.64,50.00,150.00,1
491,1,724.29,125.33,50.00,150.00,1
491,2,681.14,125.89,50.00,150.00,1
491,4,648.43,120.03,50.00,150.00,1
491,6,1152.43,237.83,50.00,150.00,1
491,8,589.24,114.61,50.00,150.00,1
492,1,724.10,125.28,50.00,150.00,1
492,2,681.01,125.83,50.00,150.00,1
492,4,648.38,119.99,50.00,150.00,1
492,6,1152.43,237.83,50.00,150.00,1
492,8,589.28,114.58,50.00,150.00,1
493,1,723.90,125.23,50.00,150.00,1
493,2,680.87,125.77,50.00,150.00,1
493,4,648.32,119.95,50.00,150.00,1
493,6,1152.43,237.83,50.00,150.00,1
493,8,589.32,114.55,50.00,150.00,1
494,1,723.70,125.18,50.00,150.00,1
494,2,680.73,125.71,50.00,150.00,1
494,4,648.26,119.91,50.00,150.00,1
494,6,1152.43,237.83,50.00,150.00,1
494,8,589.37,114.52,50.00,150.00,1
495,1,723.51,125.13,50.00,150.00,1
495,2,680.60,125.66,50.00,150.00,1
495,4,648.21,119.87,50.00,150.00,1
495,6,1152.42,237.83,50.00,150.00,1
495,8,589.41,114.49,50.00,150.00,1
496,1,723.31,125.08,50.00,150.00,1
496,2,680.47,125.60,50.00,150.00,1
496,4,648.15,119.84,50.00,150.00,1
496,6,1152.42,237.83,50.00,150.00,1
496,8,589.45,114.46,50.00,150.00,1
497,1,723.12,125.03,50.00,150.00,1
497,2,680.33,125.54,50.00,150.00,1
497,4,648.09,119.80,50.00,150.00,1
497,6,1152.42,237.83,50.00,150.00,1
497,8,589.49,114.43,50.00,150.00,1
498,1,722.92,124.98,50.00,150.00,1
498,2,680.20,125.48,50.00,150.00,1
498,4,648.04,119.76,50.00,150.00,1
498,6,1152.42,237.83,50.00,150.00,1
498,8,589.54,114.40,50.00,150.00,1
499,1,722.73,124.93,50.00,150.00,1
499,2,680.07,125.42,50.00,150.00,1
499,4,647.98,119.72,50.00,150.00,1
499,6,1152.42,237.83,50.00,150.00,1
499,8,589.58,114.37,50.00,150.00,1
500,1,722.54,124.88,50.00,150.00,1
500,2,679.93,125.37,50.00,150.00,1
500,4,647.93,119.68,50.00,150.00,1
500,6,1152.41,237.83,50.00,150.00,1
500,8,589.62,114.35,50.00,150.00,1
501,1,722.35,124.83,50.00,150.00,1
501,2,679.80,125.31,50.00,150.00,1
501,4,647.87,119.65,50.00,150.00,1
501,6,1152.41,237.83,50.00,150.00,1
501,8,589.67,114.32,50.00,150.00,1
502,1,722.16,124.78,50.00,150.00,1
502,2,679.67,125.25,50.00,150.00,1
502,4,647.82,119.61,50.00,150.00,1
502,6,1152.41,237.83,50.00,150.00,1
502,8,589.71,114.29,50.00,150.00,1
503,1,721.97,124.73,50.00,150.00,1
503,2,679.54,125.20,50.00,150.00,1
503,4,647.76,119.57,50.00,150.00,1
503,6,1152.40,237.82,50.00,150.00,1
503,8,589.75,114.26,50.00,150.00,1
504,1,721.78,124.68,50.00,150.00,1
504,2,679.41,125.14,50.00,150.00,1
504,4,647.71,119.53,50.00,150.00,1
504,6,1152.40,237.82,50.00,150.00,1
504,8,589.79,114.23,50.00,150.00,1
505,1,721.59,124.63,50.00,150.00,1
505,2,679.28,125.08,50.00,150.00,1
505,4,647.65,119.50,50.00,150.00,1
505,6,1152.40,237.82,50.00,150.00,1
505,8,589.83,114.20,50.00,150.00,1
506,1,721.40,124.59,50.00,150.00,1
506,2,679.15,125.03,50.00,150.00,1
506,4,647.60,119.46,50.00,150.00,1
506,6,1152.40,237.82,50.00,150.00,1
506,8,589.87,114.18,50.00,150.00,1
507,1,721.21,124.54,50.00,150.00,1
507,2,679.02,124.97,50.00,150.00,1
507,4,647.55,119.42,50.00,150.00,1
507,6,1152.39,237.82,50.00,150.00,1
507,8,589.92,114.15,50.00,150.00,1
508,1,721.03,124.49,50.00,150.00,1
508,2,678.90,124.92,50.00,150.00,1
508,4,647.49,119.38,50.00,150.00,1
508,6,1152.39,237.82,50.00,150.00,1
508,8,589.96,114.12,50.00,150.00,1
509,1,720.84,124.44,50.00,150.00,1
509,2,678.77,124.86,50.00,150.00,1
509,4,647.44,119.35,50.00,150.00,1
509,6,1152.39,237.82,50.00,150.00,1
509,8,590.00,114.09,50.00,150.00,1
510,1,720.65,124.39,50.00,150.00,1
510,2,678.64,124.81,50.00,150.00,1
510,4,647.38,119.31,50.00,150.00,1
510,6,1152.39,237.82,50.00,150.00,1
510,8,590.04,114.06,50.00,150.00,1
511,1,720.47,124.35,50.00,150.00,1
511,2,678.51,124.75,50.00,150.00,1
511,4,647.33,119.27,50.00,150.00,1
511,6,1152.38,237.82,50.00,150.00,1
511,8,590.08,114.04,50.00,150.00,1
512,1,720.29,124.30,50.00,150.00,1
512,2,678.39,124.70,50.00,150.00,1
512,4,647.28,119.24,50.00,150.00,1
512,6,1152.38,237.82,50.00,150.00,1
512,8,590.12,114.01,50.00,150.00,1
513,1,720.10,124.25,50.00,150.00,1
513,2,678.26,124.64,50.00,150.00,1
513,4,647.23,119.20,50.00,150.00,1
513,6,1152.38,237.82,50.00,150.00,1
513,8,590.16,113.98,50.00,150.00,1
514,1,719.92,124.20,50.00,150.00,1
514,2,678.14,124.59,50.00,150.00,1
514,4,647.17,119.17,50.00,150.00,1
514,6,1152.38,237.82,50.00,150.00,1
514,8,590.20,113.95,50.00,150.00,1
515,1,719.74,124.16,50.00,150.00,1
515,2,678.01,124.53,50.00,150.00,1
515,4,647.12,119.13,50.00,150.00,1
515,6,1152.38,237.82,50.00,150.00,1
515,8,590.24,113.93,50.00,150.00,1
516,1,719.56,124.11,50.00,150.00,1
516,2,677.89,124.48,50.00,150.00,1
516,4,647.07,119.09,50.00,150.00,1
516,6,1152.37,237.82,50.00,150.00,1
516,8,590.28,113.90,50.00,150.00,1
517,1,719.37,124.06,50.00,150.00,1
517,2,677.77,124.43,50.00,150.00,1
517,4,647.01,119.06,50.00,150.00,1
517,6,1152.37,237.82,50.00,150.00,1
517,8,590.32,113.87,50.00,150.00,1
518,1,719.19,124.02,50.00,150.00,1
518,2,677.64,124.37,50.00,150.00,1
518,4,646.96,119.02,50.00,150.00,1
518,6,1152.37,237.82,50.00,150.00,1
518,8,590.36,113.84,50.00,150.00,1
519,1,719.01,123.97,50.00,150.00,1
519,2,677.52,124.32,50.00,150.00,1
519,4,646.91,118.99,50.00,150.00,1
519,6,1152.37,237.81,50.00,150.00,1
519,8,590.40,113.82,50.00,150.00,1
520,1,718.83,123.92,50.00,150.00,1
520,2,677.40,124.27,50.00,150.00,1
520,4,646.86,118.95,50.00,150.00,1
520,6,1152.36,237.81,50.00,150.00,1
520,8,590.44,113.79,50.00,150.00,1
521,1,718.66,123.88,50.00,150.00,1
521,2,677.28,124.21,50.00,150.00,1
521,4,646.81,118.92,50.00,150.00,1
521,6,1152.36,237.81,50.00,150.00,1
521,8,590.48,113.76,50.00,150.00,1
522,1,718.48,123.83,50.00,150.00,1
522,2,677.16,124.16,50.00,150.00,1
522,4,646.76,118.88,50.00,150.00,1
522,6,1152.36,237.81,50.00,150.00,1
522,8,590.52,113.74,50.00,150.00,1
523,1,718.30,123.79,50.00,150.00,1
523,2,677.04,124.11,50.00,150.00,1
523,4,646.70,118.85,50.00,150.00,1
523,6,1152.36,237.81,50.00,150.00,1
523,8,590.56,113.71,50.00,150.00,1
524,1,718.12,123.74,50.00,150.00,1
524,2,676.92,124.06,50.00,150.00,1
524,4,646.65,118.81,50.00,150.00,1
524,6,1152.35,237.81,50.00,150.00,1
524,8,590.60,113.68,50.00,150.00,1
525,1,717.95,123.70,50.00,150.00,1
525,2,676.80,124.00,50.00,150.00,1
525,4,646.60,118.78,50.00,150.00,1
525,6,1152.35,237.81,50.00,150.00,1
525,8,590.64,113.66,50.00,150.00,1
526,1,717.77,123.65,50.00,150.00,1
526,2,676.68,123.95,50.00,150.00,1
526,4,646.55,118.74,50.00,150.00,1
526,6,1152.35,237.81,50.00,150.00,1
526,8,590.68,113.63,50.00,150.00,1
527,1,717.60,123.60,50.00,150.00,1
527,2,676.56,123.90,50.00,150.00,1
527,4,646.50,118.71,50.00,150.00,1
527,6,1152.35,237.81,50.00,150.00,1
527,8,590.72,113.60,50.00,150.00,1
528,1,717.42,123.56,50.00,150.00,1
528,2,676.44,123.85,50.00,150.00,1
528,4,646.45,118.67,50.00,150.00,1
528,6,1152.34,237.81,50.00,150.00,1
528,8,590.76,113.58,50.00,150.00,1
529,1,717.25,123.52,50.00,150.00,1
529,2,676.32,123.80,50.00,150.00,1
529,4,646.40,118.64,50.00,150.00,1
529,6,1152.34,237.81,50.00,150.00,1
529,8,590.79,113.55,50.00,150.00,1
530,1,717.08,123.47,50.00,150.00,1
530,2,676.21,123.75,50.00,150.00,1
530,4,646.35,118.60,50.00,150.00,1
530,6,1152.34,237.81,50.00,150.00,1
530,8,590.83,113.53,50.00,150.00,1
531,1,716.90,123.43,50.00,150.00,1
531,2,676.09,123.70,50.00,150.00,1
531,4,646.30,118.57,50.00,150.00,1
531,6,1152.34,237.81,50.00,150.00,1
531,8,590.87,113.50,50.00,150.00,1
532,1,716.73,123.38,50.00,150.00,1
532,2,675.97,123.65,50.00,150.00,1
532,4,646.25,118.53,50.00,150.00,1
532,6,1152.33,237.81,50.00,150.00,1
532,8,590.91,113.47,50.00,150.00,1
533,1,716.56,123.34,50.00,150.00,1
533,2,675.86,123.59,50.00,150.00,1
533,4,646.20,118.50,50.00,150.00,1
533,6,1152.33,237.81,50.00,150.00,1
533,8,590.95,113.45,50.00,150.00,1
534,1,716.39,123.29,50.00,150.00,1
534,2,675.74,123.54,50.00,150.00,1
534,4,646.15,118.47,50.00,150.00,1
534,6,1152.33,237.81,50.00,150.00,1
534,8,590.99,113.42,50.00,150.00,1
535,1,716.22,123.25,50.00,150.00,1
535,2,675.62,123.49,50.00,150.00,1
535,4,646.10,118.43,50.00,150.00,1
535,6,1152.33,237.80,50.00,150.00,1
535,8,591.02,113.40,50.00,150.00,1
536,1,716.05,123.21,50.00,150.00,1
536,2,675.51,123.44,50.00,150.00,1
536,4,646.05,118.40,50.00,150.00,1
536,6,1152.32,237.80,50.00,150.00,1
536,8,591.06,113.37,50.00,150.00,1
537,1,715.88,123.16,50.00,150.00,1
537,2,675.40,123.39,50.00,150.00,1
537,4,646.00,118.37,50.00,150.00,1
537,6,1152.32,237.80,50.00,150.00,1
537,8,591.10,113.35,50.00,150.00,1
538,1,715.71,123.12,50.00,150.00,1
538,2,675.28,123.35,50.00,150.00,1
538,4,645.95,118.33,50.00,150.00,1
538,6,1152.32,237.80,50.00,150.00,1
538,8,591.14,113.32,50.00,150.00,1
539,1,715.55,123.08,50.00,150.00,1
539,2,675.17,123.30,50.00,150.00,1
539,4,645.91,118.30,50.00,150.00,1
539,6,1152.32,237.80,50.00,150.00,1
539,8,591.17,113.29,50.00,150.00,1
540,1,715.38,123.03,50.00,150.00,1
540,2,675.06,123.25,50.00,150.00,1
540,4,645.86,118.27,50.00,150.00,1
540,6,1152.31,237.80,50.00,150.00,1
540,8,591.21,113.27,50.00,150.00,1
541,1,715.21,122.99,50.00,150.00,1
541,2,674.94,123.20,50.00,150.00,1
541,4,645.81,118.23,50.00,150.00,1
541,6,1152.31,237.80,50.00,150.00,1
541,8,591.25,113.24,50.00,150.00,1
542,1,715.04,122.95,50.00,150.00,1
542,2,674.83,123.15,50.00,150.00,1
542,4,645.76,118.20,50.00,150.00,1
542,6,1152.31,237.80,50.00,150.00,1
542,8,591.29,113.22,50.00,150.00,1
543,1,714.88,122.90,50.00,150.00,1
543,2,674.72,123.10,50.00,150.00,1
543,4,645.71,118.17,50.00,150.00,1
543,6,1152.31,237.80,50.00,150.00,1
543,8,591.32,113.19,50.00,150.00,1
544,1,714.71,122.86,50.00,150.00,1
544,2,674.61,123.05,50.00,150.00,1
544,4,645.66,118.13,50.00,150.00,1
544,6,1152.30,237.80,50.00,150.00,1
544,8,591.36,113.17,50.00,150.00,1
545,1,714.55,122.82,50.00,150.00,1
545,2,674.50,123.00,50.00,150.00,1
545,4,645.62,118.10,50.00,150.00,1
545,6,1152.30,237.80,50.00,150.00,1
545,8,591.40,113.14,50.00,150.00,1
546,1,714.38,122.78,50.00,150.00,1
546,2,674.39,122.96,50.00,150.00,1
546,4,645.57,118.07,50.00,150.00,1
546,6,1152.30,237.80,50.00,150.00,1
546,8,591.43,113.12,50.00,150.00,1
547,1,714.22,122.73,50.00,150.00,1
547,2,674.28,122.91,50.00,150.00,1
547,4,645.52,118.04,50.00,150.00,1
547,6,1152.30,237.80,50.00,150.00,1
547,8,591.47,113.09,50.00,150.00,1
548,1,714.06,122.69,50.00,150.00,1
548,2,674.17,122.86,50.00,150.00,1
548,4,645.47,118.00,50.00,150.00,1
548,6,1152.29,237.80,50.00,150.00,1
548,8,591.51,113.07,50.00,150.00,1
549,1,713.90,122.65,50.00,150.00,1
549,2,674.06,122.81,50.00,150.00,1
549,4,645.43,117.97,50.00,150.00,1
549,6,1152.29,237.80,50.00,150.00,1
549,8,591.54,113.05,50.00,150.00,1
550,1,713.73,122.61,50.00,150.00,1
550,2,673.95,122.77,50.00,150.00,1
550,4,645.38,117.94,50.00,150.00,1
550,6,1152.29,237.79,50.00,150.00,1
550,8,591.58,113.02,50.00,150.00,1
551,1,713.57,122.57,50.00,150.00,1
551,2,673.84,122.72,50.00,150.00,1
551,4,645.33,117.91,50.00,150.00,1
551,6,1152.29,237.79,50.00,150.00,1
551,8,591.61,113.00,50.00,150.00,1
552,1,713.41,122.53,50.00,150.00,1
552,2,673.73,122.67,50.00,150.00,1
552,4,645.29,117.87,50.00,150.00,1
552,6,1152.28,237.79,50.00,150.00,1
552,8,591.65,112.97,50.00,150.00,1
553,1,713.25,122.48,50.00,150.00,1
553,2,673.62,122.63,50.00,150.00,1
553,4,645.24,117.84,50.00,150.00,1
553,6,1152.28,237.79,50.00,150.00,1
553,8,591.69,112.95,50.00,150.00,1
554,1,713.09,122.44,50.00,150.00,1
554,2,673.52,122.58,50.00,150.00,1
554,4,645.19,117.81,50.00,150.00,1
554,6,1152.28,237.79,50.00,150.00,1
554,8,591.72,112.92,50.00,150.00,1
555,1,712.93,122.40,50.00,150.00,1
555,2,673.41,122.53,50.00,150.00,1
555,4,645.15,117.78,50.00,150.00,1
555,6,1152.28,237.79,50.00,150.00,1
555,8,591.76,112.90,50.00,150.00,1
556,1,712.77,122.36,50.00,150.00,1
556,2,673.30,122.49,50.00,150.00,1
556,4,645.10,117.75,50.00,150.00,1
556,6,1152.28,237.79,50.00,150.00,1
556,8,591.79,112.88,50.00,150.00,1
557,1,712.62,122.32,50.00,150.00,1
557,2,673.20,122.44,50.00,150.00,1
557,4,645.05,117.72,50.00,150.00,1
557,6,1152.27,237.79,50.00,150.00,1
557,8,591.83,112.85,50.00,150.00,1
558,1,712.46,122.28,50.00,150.00,1
558,2,673.09,122.39,50.00,150.00,1
558,4,645.01,117.68,50.00,150.00,1
558,6,1152.27,237.79,50.00,150.00,1
558,8,591.86,112.83,50.00,150.00,1
559,1,712.30,122.24,50.00,150.00,1
559,2,672.99,122.35,50.00,150.00,1
559,4,644.96,117.65,50.00,150.00,1
559,6,1152.27,237.79,50.00,150.00,1
559,8,591.90,112.80,50.00,150.00,1
560,1,712.14,122.20,50.00,150.00,1
560,2,672.88,122.30,50.00,150.00,1
560,4,644.92,117.62,50.00,150.00,1
560,6,1152.26,237.79,50.00,150.00,1
560,8,591.93,112.78,50.00,150.00,1
561,1,711.99,122.16,50.00,150.00,1
561,2,672.78,122.26,50.00,150.00,1
561,3,1230.00,264.42,50.00,150.00,1
561,4,644.87,117.59,50.00,150.00,1
561,6,1152.26,237.79,50.00,150.00,1
561,8,591.97,112.76,50.00,150.00,1
562,1,711.83,122.12,50.00,150.00,1
562,2,672.67,122.21,50.00,150.00,1
562,3,1230.00,262.99,50.00,150.00,1
562,4,644.82,117.56,50.00,150.00,1
562,6,1152.26,237.79,50.00,150.00,1
562,8,592.00,112.73,50.00,150.00,1
563,1,711.68,122.08,50.00,150.00,1
563,2,672.57,122.17,50.00,150.00,1
563,3,1230.00,261.59,50.00,150.00,1
563,4,644.78,117.53,50.00,150.00,1
563,6,1152.26,237.79,50.00,150.00,1
563,8,592.04,112.71,50.00,150.00,1
564,1,711.52,122.04,50.00,150.00,1
564,2,672.47,122.12,50.00,150.00,1
564,3,1230.00,260.21,50.00,150.00,1
564,4,644.73,117.50,50.00,150.00,1
564,6,1152.25,237.79,50.00,150.00,1
564,8,592.07,112.69,50.00,150.00,1
565,1,711.37,122.00,50.00,150.00,1
565,2,672.36,122.08,50.00,150.00,1
565,3,1230.00,258.85,50.00,150.00,1
565,4,644.69,117.47,50.00,150.00,1
565,6,1152.25,237.79,50.00,150.00,1
565,8,592.11,112.66,50.00,150.00,1
566,1,711.21,121.96,50.00,150.00,1
566,2,672.26,122.03,50.00,150.00,1
566,3,1226.48,257.51,50.00,150.00,1
566,4,644.64,117.44,50.00,150.00,1
566,6,1152.25,237.78,50.00,150.00,1
566,8,592.14,112.64,50.00,150.00,1
567,1,711.06,121.92,50.00,150.00,1
567,2,672.16,121.99,50.00,150.00,1
567,3,1221.46,256.20,50.00,150.00,1
567,4,644.60,117.41,50.00,150.00,1
567,6,1152.25,237.78,50.00,150.00,1
567,8,592.18,112.62,50.00,150.00,1
568,1,710.91,121.88,50.00,150.00,1
568,2,672.06,121.94,50.00,150.00,1
568,3,1216.53,254.90,50.00,150.00,1
568,4,644.56,117.37,50.00,150.00,1
568,6,1149.41,237.00,50.00,150.00,1
568,8,592.21,112.59,50.00,150.00,1
569,1,710.75,121.84,50.00,150.00,1
569,2,671.95,121.90,50.00,150.00,1
569,3,1212.91,254.02,50.00,150.00,1
569,4,644.51,117.34,50.00,150.00,1
569,6,1147.94,236.62,50.00,150.00,1
569,8,592.24,112.57,50.00,150.00,1
570,1,710.60,121.80,50.00,150.00,1
570,2,671.85,121.86,50.00,150.00,1
570,3,1209.08,253.06,50.00,150.00,1
570,4,644.47,117.31,50.00,150.00,1
570,6,1140.99,234.83,50.00,150.00,1
570,8,592.28,112.55,50.00,150.00,1
571,1,710.45,121.76,50.00,150.00,1
571,2,671.75,121.81,50.00,150.00,1
571,3,1205.01,252.02,50.00,150.00,1
571,4,644.42,117.28,50.00,150.00,1
571,6,1137.82,234.02,50.00,150.00,1
571,8,592.31,112.52,50.00,150.00,1
572,1,710.30,121.72,50.00,150.00,1
572,2,671.65,121.77,50.00,150.00,1
572,3,1200.69,250.90,50.00,150.00,1
572,4,644.38,117.25,50.00,150.00,1
572,6,1119.13,227.65,50.00,150.00,1
572,8,592.35,112.50,50.00,150.00,1
573,1,710.15,121.68,50.00,150.00,1
573,2,671.55,121.72,50.00,150.00,1
573,3,1196.11,249.71,50.00,150.00,1
573,4,644.33,117.22,50.00,150.00,1
573,6,1112.94,225.02,50.00,150.00,1
573,8,592.38,112.48,50.00,150.00,1
574,1,710.00,121.65,50.00,150.00,1
574,2,671.45,121.68,50.00,150.00,1
574,3,1191.56,248.52,50.00,150.00,1
574,4,644.29,117.19,50.00,150.00,1
574,6,1114.30,224.85,50.00,150.00,1
574,8,592.41,112.46,50.00,150.00,1
575,1,709.85,121.61,50.00,150.00,1
575,2,671.35,121.64,50.00,150.00,1
575,3,1187.09,247.35,50.00,150.00,1
575,4,644.25,117.16,50.00,150.00,1
575,6,1115.68,229.74,50.00,150.00,1
575,8,592.45,112.43,50.00,150.00,1
576,1,709.70,121.57,50.00,150.00,1
576,2,671.25,121.59,50.00,150.00,1
576,3,1182.69,246.19,50.00,150.00,1
576,4,644.20,117.13,50.00,150.00,1
576,6,1117.82,229.59,50.00,150.00,1
576,8,592.48,112.41,50.00,150.00,1
577,1,709.55,121.53,50.00,150.00,1
577,2,671.15,121.55,50.00,150.00,1
577,3,1178.35,245.06,50.00,150.00,1
577,4,644.16,117.10,50.00,150.00,1
577,6,1117.50,228.90,50.00,150.00,1
577,8,592.51,112.39,50.00,150.00,1
578,1,709.41,121.49,50.00,150.00,1
578,2,671.06,121.51,50.00,150.00,1
578,3,1174.09,243.94,50.00,150.00,1
578,4,644.12,117.07,50.00,150.00,1
578,6,1113.19,227.57,50.00,150.00,1
578,8,592.55,112.36,50.00,150.00,1
579,1,709.26,121.45,50.00,150.00,1
579,2,670.96,121.47,50.00,150.00,1
579,3,1169.89,242.84,50.00,150.00,1
579,4,644.07,117.04,50.00,150.00,1
579,6,1110.82,226.91,50.00,150.00,1
579,8,592.58,112.34,50.00,150.00,1
580,1,709.11,121.42,50.00,150.00,1
580,2,670.86,121.42,50.00,150.00,1
580,3,1165.76,241.75,50.00,150.00,1
580,4,644.03,117.02,50.00,150.00,1
580,6,1108.70,226.33,50.00,150.00,1
580,8,592.61,112.32,50.00,150.00,1
581,1,708.96,121.38,50.00,150.00,1
581,2,670.76,121.38,50.00,150.00,1
581,3,1161.68,240.68,50.00,150.00,1
581,4,643.99,116.99,50.00,150.00,1
581,6,1108.03,226.15,50.00,150.00,1
581,8,592.65,112.30,50.00,150.00,1
582,1,708.82,121.34,50.00,150.00,1
582,2,670.67,121.34,50.00,150.00,1
582,3,1162.21,240.67,50.00,150.00,1
582,4,643.94,116.96,50.00,150.00,1
582,6,1108.03,226.15,50.00,150.00,1
582,8,592.68,112.28,50.00,150.00,1
583,1,708.67,121.30,50.00,150.00,1
583,2,670.57,121.30,50.00,150.00,1
583,3,1162.41,240.61,50.00,150.00,1
583,4,643.90,116.93,50.00,150.00,1
583,6,1107.95,226.13,50.00,150.00,1
583,8,592.71,112.25,50.00,150.00,1
584,1,708.53,121.27,50.00,150.00,1
584,2,670.47,121.26,50.00,150.00,1
584,3,1162.08,240.46,50.00,150.00,1
584,4,643.86,116.90,50.00,150.00,1
584,6,1107.36,226.00,50.00,150.00,1
584,8,592.74,112.23,50.00,150.00,1
585,1,708.38,121.23,50.00,150.00,1
585,2,670.38,121.21,50.00,150.00,1
585,3,1161.34,240.23,50.00,150.00,1
585,4,643.82,116.87,50.00,150.00,1
585,6,1105.42,225.38,50.00,150.00,1
585,8,592.78,112.21,50.00,150.00,1
586,1,708.24,121.19,50.00,150.00,1
586,2,670.28,121.17,50.00,150.00,1
586,3,1160.25,239.93,50.00,150.00,1
586,4,643.77,116.84,50.00,150.00,1
586,6,1104.89,225.41,50.00,150.00,1
586,8,592.81,112.19,50.00,150.00,1
587,1,708.09,121.15,50.00,150.00,1
587,2,670.18,121.13,50.00,150.00,1
587,3,1158.83,239.54,50.00,150.00,1
587,4,643.73,116.81,50.00,150.00,1
587,6,1104.06,225.24,50.00,150.00,1
587,8,592.84,112.17,50.00,150.00,1
588,1,707.95,121.12,50.00,150.00,1
588,2,670.09,121.09,50.00,150.00,1
588,3,1157.11,239.08,50.00,150.00,1
588,4,643.69,116.78,50.00,150.00,1
588,6,1102.95,224.94,50.00,150.00,1
588,8,592.87,112.14,50.00,150.00,1
589,1,707.81,121.08,50.00,150.00,1
589,2,669.99,121.05,50.00,150.00,1
589,3,1155.10,238.55,50.00,150.00,1
589,4,643.65,116.75,50.00,150.00,1
589,6,1100.54,224.30,50.00,150.00,1
589,8,592.91,112.12,50.00,150.00,1
590,1,707.66,121.04,50.00,150.00,1
590,2,669.90,121.01,50.00,150.00,1
590,3,1152.80,237.95,50.00,150.00,1
590,4,643.61,116.73,50.00,150.00,1
590,6,1098.43,223.74,50.00,150.00,1
590,8,592.94,112.10,50.00,150.00,1
591,1,707.52,121.01,50.00,150.00,1
591,2,669.81,120.97,50.00,150.00,1
591,3,1150.24,237.27,50.00,150.00,1
591,4,643.57,116.70,50.00,150.00,1
591,6,1096.10,223.12,50.00,150.00,1
591,8,592.97,112.08,50.00,150.00,1
592,1,707.38,120.97,50.00,150.00,1
592,2,669.71,120.93,50.00,150.00,1
592,3,1147.41,236.53,50.00,150.00,1
592,4,643.52,116.67,50.00,150.00,1
592,6,1093.12,222.34,50.00,150.00,1
592,8,593.00,112.06,50.00,150.00,1
593,1,707.24,120.93,50.00,150.00,1
593,2,669.62,120.88,50.00,150.00,1
593,3,1144.34,235.73,50.00,150.00,1
593,4,643.48,116.64,50.00,150.00,1
593,6,1090.01,221.54,50.00,150.00,1
593,8,593.03,112.03,50.00,150.00,1
594,1,707.10,120.90,50.00,150.00,1
594,2,669.53,120.84,50.00,150.00,1
594,3,1141.02,234.86,50.00,150.00,1
594,4,643.44,116.61,50.00,150.00,1
594,6,1088.16,221.04,50.00,150.00,1
594,8,593.07,112.01,50.00,150.00,1
595,1,706.96,120.86,50.00,150.00,1
595,2,669.43,120.80,50.00,150.00,1
595,3,1137.47,233.93,50.00,150.00,1
595,4,643.40,116.58,50.00,150.00,1
595,6,1086.55,220.59,50.00,150.00,1
595,8,593.10,111.99,50.00,150.00,1
596,1,706.82,120.83,50.00,150.00,1
596,2,669.34,120.76,50.00,150.00,1
596,3,1133.81,232.97,50.00,150.00,1
596,4,643.36,116.56,50.00,150.00,1
596,6,1078.86,217.20,50.00,150.00,1
596,8,593.13,111.97,50.00,150.00,1
597,1,706.68,120.79,50.00,150.00,1
597,2,669.25,120.72,50.00,150.00,1
597,3,1130.20,232.03,50.00,150.00,1
597,4,643.32,116.53,50.00,150.00,1
597,6,1070.79,213.06,50.00,150.00,1
597,8,593.16,111.95,50.00,150.00,1
598,1,706.54,120.75,50.00,150.00,1
598,2,669.16,120.68,50.00,150.00,1
598,3,1126.65,231.10,50.00,150.00,1
598,4,643.28,116.50,50.00,150.00,1
598,6,1072.28,212.67,50.00,150.00,1
598,8,593.19,111.93,50.00,150.00,1
599,1,706.40,120.72,50.00,150.00,1
599,2,669.07,120.64,50.00,150.00,1
599,3,1123.14,230.18,50.00,150.00,1
599,4,643.24,116.47,50.00,150.00,1
599,6,1072.52,212.27,50.00,150.00,1
599,8,593.22,111.91,50.00,150.00,1
600,1,706.26,120.68,50.00,150.00,1
600,2,668.97,120.60,50.00,150.00,1
600,3,1119.68,229.27,50.00,150.00,1
600,4,643.20,116.44,50.00,150.00,1
600,6,1067.55,215.82,50.00,150.00,1
600,8,593.25,111.89,50.00,150.00,1
601,1,706.12,120.65,50.00,150.00,1
601,2,668.88,120.56,50.00,150.00,1
601,3,1116.26,228.38,50.00,150.00,1
601,4,643.16,116.42,50.00,150.00,1
601,6,1064.78,214.91,50.00,150.00,1
601,8,593.29,111.86,50.00,150.00,1
